날짜,종가,전일비,시가,고가,저가,거래량
2014.12.12,2010.0,0.0,2010.0,2015.0,1995.0,326671.0
2014.12.15,2015.0,5.0,2010.0,2020.0,2000.0,114934.0
2014.12.16,2005.0,10.0,2005.0,2020.0,2005.0,63510.0
2014.12.17,2010.0,5.0,2005.0,2010.0,2000.0,53251.0
2014.12.18,2030.0,20.0,2010.0,2040.0,2005.0,26583.0
2014.12.19,2005.0,25.0,2005.0,2040.0,2000.0,95166.0
2014.12.22,2005.0,0.0,2000.0,2010.0,2000.0,13467.0
2014.12.23,2025.0,20.0,2010.0,2050.0,2005.0,32200.0
2014.12.24,2010.0,15.0,2005.0,2065.0,2005.0,22211.0
2014.12.26,2005.0,5.0,2010.0,2010.0,2005.0,21214.0
2014.12.29,2000.0,5.0,2000.0,2005.0,2000.0,104858.0
2014.12.30,2005.0,5.0,2000.0,2020.0,2000.0,14993.0
2015.01.02,2005.0,0.0,2000.0,2025.0,2000.0,138477.0
2015.01.05,2040.0,35.0,2005.0,2040.0,2005.0,40633.0
2015.01.06,2050.0,10.0,2010.0,2095.0,2010.0,38234.0
2015.01.07,2030.0,20.0,2030.0,2040.0,2020.0,86305.0
2015.01.08,2080.0,50.0,2030.0,2100.0,2030.0,43423.0
2015.01.09,2110.0,30.0,2080.0,2110.0,2060.0,44285.0
2015.01.12,2065.0,45.0,2095.0,2100.0,2050.0,73039.0
2015.01.13,2100.0,35.0,2100.0,2100.0,2065.0,105727.0
2015.01.14,2125.0,25.0,2080.0,2170.0,2080.0,87625.0
2015.01.15,2135.0,10.0,2100.0,2135.0,2100.0,6970.0
2015.01.16,2150.0,15.0,2135.0,2155.0,2135.0,53975.0
2015.01.19,2170.0,20.0,2140.0,2180.0,2140.0,41893.0
2015.01.20,2185.0,15.0,2200.0,2200.0,2170.0,31861.0
2015.01.21,2165.0,20.0,2185.0,2185.0,2105.0,13373.0
2015.01.22,2180.0,15.0,2070.0,2180.0,2070.0,55734.0
2015.01.23,2180.0,0.0,2170.0,2180.0,2145.0,804.0
2015.01.26,2170.0,10.0,2190.0,2190.0,2170.0,8496.0
2015.01.27,2100.0,70.0,2165.0,2165.0,2080.0,14981.0
2015.01.28,2150.0,50.0,2110.0,2155.0,2110.0,10960.0
2015.01.29,2155.0,5.0,2160.0,2160.0,2120.0,4525.0
2015.01.30,2150.0,5.0,2150.0,2170.0,2150.0,13015.0
2015.02.02,2170.0,20.0,2180.0,2185.0,2150.0,21552.0
2015.02.03,2180.0,10.0,2175.0,2200.0,2175.0,7570.0
2015.02.04,2195.0,15.0,2185.0,2225.0,2185.0,105867.0
2015.02.05,2200.0,5.0,2190.0,2495.0,2160.0,8230.0
2015.02.06,2335.0,135.0,2300.0,2360.0,2170.0,58214.0
2015.02.09,2305.0,30.0,2370.0,2370.0,2265.0,35044.0
2015.02.10,2295.0,10.0,2340.0,2360.0,2295.0,30586.0
2015.02.11,2295.0,0.0,2305.0,2345.0,2295.0,13398.0
2015.02.12,2360.0,65.0,2295.0,2360.0,2295.0,21966.0
2015.02.13,2365.0,5.0,2330.0,2375.0,2290.0,17538.0
2015.02.16,2395.0,30.0,2365.0,2395.0,2320.0,11481.0
2015.02.17,2350.0,45.0,2395.0,2410.0,2300.0,35284.0
2015.02.23,2305.0,45.0,2350.0,2375.0,2305.0,14411.0
2015.02.24,2300.0,5.0,2305.0,2345.0,2300.0,13121.0
2015.02.25,2340.0,40.0,2375.0,2375.0,2305.0,848.0
2015.02.26,2340.0,0.0,2330.0,2370.0,2330.0,12851.0
2015.02.27,2335.0,5.0,2340.0,2395.0,2335.0,13405.0
2015.03.02,2340.0,5.0,2465.0,2465.0,2335.0,1937.0
2015.03.03,2340.0,0.0,2340.0,2360.0,2330.0,30898.0
2015.03.04,2375.0,35.0,2385.0,2495.0,2355.0,15580.0
2015.03.05,2365.0,10.0,2400.0,2400.0,2345.0,39877.0
2015.03.06,2345.0,20.0,2365.0,2385.0,2345.0,14457.0
2015.03.09,2325.0,20.0,2385.0,2385.0,2305.0,14580.0
2015.03.10,2310.0,15.0,2290.0,2330.0,2200.0,30740.0
2015.03.11,2295.0,15.0,2290.0,2640.0,2140.0,65778.0
2015.03.12,2300.0,5.0,2390.0,2390.0,2255.0,11829.0
2015.03.13,2395.0,95.0,2350.0,2395.0,2350.0,2001.0
2015.03.16,2390.0,5.0,2390.0,2390.0,2390.0,100.0
2015.03.17,2460.0,70.0,2250.0,2655.0,2250.0,39578.0
2015.03.18,2465.0,5.0,2495.0,2495.0,2320.0,20055.0
2015.03.19,2500.0,35.0,2265.0,2530.0,2265.0,11316.0
2015.03.20,2350.0,150.0,2455.0,2500.0,2350.0,9576.0
2015.03.23,2385.0,35.0,2370.0,2400.0,2300.0,37565.0
2015.03.24,2340.0,45.0,2350.0,2400.0,2325.0,39472.0
2015.03.25,2335.0,5.0,2355.0,2455.0,2325.0,12894.0
2015.03.26,2345.0,10.0,2420.0,2420.0,2310.0,22916.0
2015.03.27,2460.0,115.0,2345.0,2520.0,2345.0,17084.0
2015.03.30,2445.0,15.0,2465.0,2465.0,2270.0,46029.0
2015.03.31,2415.0,30.0,2440.0,2440.0,2415.0,819.0
2015.04.01,2290.0,125.0,2280.0,2410.0,2250.0,63819.0
2015.04.02,2330.0,40.0,2250.0,2340.0,2250.0,13762.0
2015.04.03,2345.0,15.0,2290.0,2350.0,2290.0,8232.0
2015.04.06,2475.0,130.0,2355.0,2480.0,2355.0,57819.0
2015.04.07,2525.0,50.0,2495.0,2680.0,2475.0,19353.0
2015.04.08,2690.0,165.0,2425.0,2890.0,2425.0,16273.0
2015.04.09,2650.0,40.0,2620.0,2685.0,2605.0,14056.0
2015.04.10,2640.0,10.0,2650.0,2655.0,2615.0,12152.0
2015.04.13,2585.0,55.0,2640.0,2640.0,2580.0,29255.0
2015.04.14,2600.0,15.0,2595.0,2600.0,2590.0,2991.0
2015.04.15,2600.0,0.0,2690.0,2690.0,2600.0,2002.0
2015.04.16,2635.0,35.0,2665.0,2665.0,2600.0,6003.0
2015.04.17,2550.0,85.0,2545.0,2570.0,2535.0,28398.0
2015.04.20,2555.0,5.0,2500.0,2600.0,2445.0,64934.0
2015.04.21,2550.0,5.0,2510.0,2550.0,2495.0,56307.0
2015.04.22,2570.0,20.0,2550.0,2570.0,2500.0,44845.0
2015.04.23,2530.0,40.0,2500.0,2530.0,2500.0,25308.0
2015.04.24,2525.0,5.0,2510.0,2525.0,2480.0,27889.0
2015.04.27,2530.0,5.0,2525.0,2530.0,2500.0,4533.0
2015.04.28,2555.0,25.0,2530.0,2555.0,2510.0,14117.0
2015.04.29,2585.0,30.0,2555.0,2585.0,2555.0,3505.0
2015.04.30,2605.0,20.0,2530.0,2605.0,2530.0,6777.0
2015.05.04,2615.0,10.0,2520.0,2640.0,2520.0,50668.0
2015.05.06,2525.0,90.0,2580.0,2635.0,2500.0,26379.0
2015.05.07,2510.0,15.0,2500.0,2585.0,2470.0,79069.0
2015.05.08,2580.0,70.0,2530.0,2645.0,2530.0,34607.0
2015.05.11,2600.0,20.0,2580.0,2675.0,2535.0,68765.0
2015.05.12,2600.0,0.0,2650.0,2880.0,2535.0,86604.0
2015.05.13,2600.0,0.0,0.0,0.0,0.0,0.0
2015.05.14,2600.0,0.0,0.0,0.0,0.0,0.0
2015.05.15,2600.0,0.0,0.0,0.0,0.0,0.0
2015.05.18,2600.0,0.0,0.0,0.0,0.0,0.0
2015.05.19,2600.0,0.0,0.0,0.0,0.0,0.0
2015.05.20,2600.0,0.0,0.0,0.0,0.0,0.0
2015.05.21,2600.0,0.0,0.0,0.0,0.0,0.0
2015.05.22,2600.0,0.0,0.0,0.0,0.0,0.0
2015.05.26,2600.0,0.0,0.0,0.0,0.0,0.0
2015.05.27,2600.0,0.0,0.0,0.0,0.0,0.0
2015.05.28,2600.0,0.0,0.0,0.0,0.0,0.0
2015.05.29,2600.0,0.0,0.0,0.0,0.0,0.0
2015.06.01,2600.0,0.0,0.0,0.0,0.0,0.0
2015.06.02,2600.0,0.0,0.0,0.0,0.0,0.0
2015.06.03,2600.0,0.0,0.0,0.0,0.0,0.0
2015.06.04,2600.0,0.0,0.0,0.0,0.0,0.0
2015.06.05,2600.0,0.0,0.0,0.0,0.0,0.0
2015.06.08,2600.0,0.0,0.0,0.0,0.0,0.0
2015.06.09,2600.0,0.0,0.0,0.0,0.0,0.0
2015.06.10,2600.0,0.0,0.0,0.0,0.0,0.0
2015.06.11,2600.0,0.0,0.0,0.0,0.0,0.0
2015.06.12,2600.0,0.0,0.0,0.0,0.0,0.0
2015.06.15,2600.0,0.0,0.0,0.0,0.0,0.0
2015.06.16,2600.0,0.0,0.0,0.0,0.0,0.0
2015.06.17,2600.0,0.0,0.0,0.0,0.0,0.0
2015.06.18,2600.0,0.0,0.0,0.0,0.0,0.0
2015.06.19,2600.0,0.0,0.0,0.0,0.0,0.0
2015.06.22,2600.0,0.0,0.0,0.0,0.0,0.0
2015.06.23,2600.0,0.0,0.0,0.0,0.0,0.0
2015.06.24,2600.0,0.0,0.0,0.0,0.0,0.0
2015.06.25,2600.0,0.0,0.0,0.0,0.0,0.0
2015.06.26,2600.0,0.0,0.0,0.0,0.0,0.0
2015.06.29,2600.0,0.0,0.0,0.0,0.0,0.0
2015.06.30,2600.0,0.0,0.0,0.0,0.0,0.0
2015.07.01,2600.0,0.0,0.0,0.0,0.0,0.0
2015.07.02,2600.0,0.0,0.0,0.0,0.0,0.0
2015.07.03,2600.0,0.0,0.0,0.0,0.0,0.0
2015.07.06,2600.0,0.0,0.0,0.0,0.0,0.0
2015.07.07,2600.0,0.0,0.0,0.0,0.0,0.0
2015.07.08,2600.0,0.0,0.0,0.0,0.0,0.0
2015.07.09,2600.0,0.0,0.0,0.0,0.0,0.0
2015.07.10,4035.0,930.0,3105.0,4035.0,3035.0,2624252.0
2015.07.13,3555.0,480.0,4190.0,4395.0,3490.0,1889214.0
2015.07.14,3655.0,100.0,3630.0,3920.0,3490.0,792197.0
2015.07.15,3690.0,35.0,3650.0,3755.0,3600.0,241851.0
2015.07.16,3830.0,140.0,3660.0,3965.0,3600.0,484448.0
2015.07.17,4975.0,1145.0,3810.0,4975.0,3805.0,1047964.0
2015.07.20,6460.0,1485.0,6460.0,6460.0,6460.0,253467.0
2015.07.21,5890.0,570.0,6300.0,6840.0,5080.0,2816361.0
2015.07.22,6100.0,210.0,5970.0,6880.0,5650.0,650132.0
2015.07.23,7040.0,940.0,6000.0,7930.0,6000.0,1407583.0
2015.07.24,7110.0,70.0,6890.0,8500.0,6110.0,1112944.0
2015.07.27,6000.0,1110.0,7600.0,8000.0,5370.0,1229374.0
2015.07.28,6170.0,170.0,6190.0,6800.0,5750.0,336000.0
2015.07.29,6500.0,330.0,6210.0,6700.0,6000.0,256824.0
2015.07.30,6320.0,180.0,6370.0,6650.0,6170.0,117335.0
2015.07.31,6070.0,250.0,6200.0,6310.0,5400.0,147413.0
2015.08.03,6170.0,100.0,6070.0,6210.0,5710.0,51842.0
2015.08.04,6280.0,110.0,6190.0,6350.0,5800.0,90518.0
2015.08.05,6250.0,30.0,6100.0,6360.0,6010.0,84023.0
2015.08.06,6740.0,490.0,6220.0,6800.0,6200.0,177648.0
2015.08.07,6750.0,10.0,6900.0,7000.0,6550.0,94778.0
2015.08.10,7040.0,290.0,6750.0,7150.0,6450.0,165394.0
2015.08.11,6650.0,390.0,7100.0,7140.0,6560.0,76855.0
2015.08.12,6320.0,330.0,6650.0,6740.0,5800.0,151281.0
2015.08.13,6310.0,10.0,6050.0,6980.0,6050.0,101931.0
2015.08.17,6190.0,120.0,6470.0,6470.0,6160.0,65843.0
2015.08.18,5890.0,300.0,6110.0,6330.0,5850.0,99115.0
2015.08.19,5880.0,10.0,5480.0,5880.0,5400.0,104761.0
2015.08.20,5500.0,380.0,5480.0,5980.0,5480.0,27188.0
2015.08.21,4715.0,785.0,5500.0,5500.0,4505.0,128285.0
2015.08.24,4300.0,415.0,4235.0,4715.0,4235.0,200691.0
2015.08.25,4435.0,135.0,4680.0,4695.0,4130.0,102977.0
2015.08.26,4680.0,245.0,4590.0,4840.0,4370.0,79902.0
2015.08.27,5310.0,630.0,4710.0,6040.0,4710.0,216528.0
2015.08.28,5900.0,590.0,5500.0,5940.0,5200.0,94324.0
2015.08.31,5900.0,0.0,6020.0,6130.0,5810.0,39771.0
2015.09.01,5600.0,300.0,5980.0,5980.0,5380.0,76953.0
2015.09.02,5800.0,200.0,5300.0,5920.0,5250.0,200676.0
2015.09.03,5780.0,20.0,5930.0,6090.0,5710.0,48086.0
2015.09.04,5390.0,390.0,5950.0,5950.0,5390.0,42528.0
2015.09.07,5500.0,110.0,5630.0,5630.0,5100.0,39388.0
2015.09.08,5360.0,140.0,5320.0,5510.0,5200.0,21575.0
2015.09.09,5210.0,150.0,5580.0,5580.0,5180.0,18305.0
2015.09.10,5130.0,80.0,5470.0,5470.0,5000.0,42130.0
2015.09.11,5200.0,70.0,5130.0,5290.0,5000.0,51065.0
2015.09.14,5160.0,40.0,5200.0,5200.0,5000.0,30859.0
2015.09.15,5300.0,140.0,5120.0,5400.0,5040.0,20975.0
2015.09.16,5440.0,140.0,5300.0,5540.0,5300.0,20156.0
2015.09.17,5310.0,130.0,5380.0,5380.0,5250.0,20033.0
2015.09.18,5260.0,50.0,5300.0,5500.0,5260.0,12066.0
2015.09.21,5140.0,120.0,5120.0,5190.0,4910.0,67677.0
2015.09.22,5230.0,90.0,5140.0,5280.0,5000.0,57582.0
2015.09.23,5140.0,90.0,5110.0,5220.0,4980.0,54200.0
2015.09.24,5160.0,20.0,5180.0,5280.0,4990.0,56270.0
2015.09.25,5780.0,620.0,5200.0,6130.0,5180.0,119414.0
2015.09.30,5950.0,170.0,5940.0,6100.0,5630.0,127001.0
2015.10.01,5880.0,70.0,6290.0,6290.0,5800.0,54003.0
2015.10.02,5780.0,100.0,6150.0,6150.0,5620.0,42271.0
2015.10.05,5580.0,200.0,5980.0,5980.0,5490.0,40518.0
2015.10.06,5660.0,80.0,5580.0,5770.0,5500.0,54887.0
2015.10.07,5900.0,240.0,5880.0,6170.0,5680.0,86093.0
2015.10.08,5900.0,0.0,5950.0,6080.0,5700.0,35816.0
2015.10.12,5750.0,150.0,6000.0,6000.0,5740.0,17231.0
2015.10.13,5650.0,100.0,5490.0,5740.0,5300.0,67634.0
2015.10.14,5650.0,0.0,5610.0,5990.0,5570.0,75995.0
2015.10.15,5660.0,10.0,5480.0,5780.0,5480.0,22784.0
2015.10.16,5660.0,0.0,5660.0,5690.0,5550.0,11678.0
2015.10.19,5500.0,160.0,5570.0,5830.0,5380.0,55450.0
2015.10.20,5380.0,120.0,5430.0,5500.0,5350.0,19256.0
2015.10.21,5230.0,150.0,5310.0,5410.0,5230.0,26370.0
2015.10.22,5100.0,130.0,5230.0,5390.0,5100.0,33886.0
2015.10.23,5350.0,250.0,5100.0,5380.0,5080.0,15645.0
2015.10.26,5350.0,0.0,5350.0,5550.0,5100.0,30256.0
2015.10.27,5220.0,130.0,5490.0,5490.0,5130.0,24843.0
2015.10.28,5060.0,160.0,5240.0,5480.0,4995.0,60699.0
2015.10.29,4950.0,110.0,5060.0,5150.0,4935.0,36185.0
2015.10.30,5030.0,80.0,4950.0,5400.0,4950.0,67058.0
2015.11.02,5000.0,30.0,5030.0,5290.0,4910.0,23196.0
2015.11.03,4935.0,65.0,5000.0,5000.0,4800.0,32602.0
2015.11.04,5000.0,65.0,4950.0,5180.0,4950.0,18454.0
2015.11.05,5070.0,70.0,4865.0,5100.0,4865.0,12178.0
2015.11.06,5020.0,50.0,5260.0,5260.0,4920.0,39788.0
2015.11.09,4900.0,120.0,4985.0,4990.0,4740.0,27794.0
2015.11.10,4985.0,85.0,4900.0,5000.0,4700.0,21614.0
2015.11.11,5270.0,285.0,5050.0,5750.0,4925.0,73169.0
2015.11.12,5260.0,10.0,5320.0,5320.0,5170.0,15815.0
2015.11.13,5110.0,150.0,5260.0,5260.0,5000.0,22541.0
2015.11.16,5130.0,20.0,5350.0,5350.0,5050.0,72983.0
2015.11.17,5150.0,20.0,5140.0,5220.0,5010.0,33206.0
2015.11.18,5040.0,110.0,5090.0,5200.0,5040.0,38910.0
2015.11.19,5100.0,60.0,5190.0,5190.0,5000.0,21076.0
2015.11.20,5190.0,90.0,5170.0,5190.0,5030.0,47732.0
2015.11.23,5120.0,70.0,5180.0,5180.0,4740.0,90176.0
2015.11.24,5760.0,640.0,5130.0,6100.0,5130.0,347274.0
2015.11.25,5790.0,30.0,5860.0,5860.0,5560.0,105059.0
2015.11.26,5870.0,80.0,5980.0,6000.0,5720.0,111373.0
2015.11.27,5940.0,70.0,5870.0,5990.0,5720.0,72968.0
2015.11.30,5890.0,50.0,5940.0,6200.0,5860.0,92713.0
2015.12.01,5900.0,10.0,5890.0,5950.0,5740.0,71773.0
2015.12.02,5700.0,200.0,5790.0,5880.0,5500.0,119978.0
2015.12.03,5710.0,10.0,5850.0,5850.0,5600.0,36483.0
2015.12.04,5500.0,210.0,5610.0,5750.0,5500.0,38496.0
2015.12.07,5750.0,250.0,5650.0,5760.0,5550.0,44360.0
2015.12.08,5740.0,10.0,5760.0,5800.0,5600.0,36353.0
2015.12.09,5700.0,40.0,5700.0,5790.0,5650.0,38615.0
2015.12.10,5700.0,0.0,5700.0,5800.0,5580.0,30635.0
2015.12.11,5750.0,50.0,5700.0,5750.0,5500.0,28005.0
2015.12.14,5700.0,50.0,5650.0,5900.0,5570.0,26177.0
2015.12.15,5440.0,260.0,5800.0,5800.0,5320.0,63645.0
2015.12.16,5380.0,60.0,5440.0,5520.0,5300.0,32883.0
2015.12.17,4985.0,395.0,6290.0,6490.0,4985.0,1082362.0
2015.12.18,4740.0,245.0,4950.0,4950.0,4600.0,374504.0
2015.12.21,4595.0,145.0,4680.0,4690.0,4380.0,392944.0
2015.12.22,4510.0,85.0,4600.0,4630.0,4480.0,127932.0
2015.12.23,4320.0,190.0,4505.0,4505.0,4230.0,258448.0
2015.12.24,4135.0,185.0,4320.0,4320.0,4080.0,205408.0
2015.12.28,4075.0,60.0,4125.0,4125.0,3980.0,149891.0
2015.12.29,4215.0,140.0,4030.0,4315.0,4030.0,97316.0
2015.12.30,4270.0,55.0,4215.0,4290.0,4180.0,69299.0
2016.01.04,4590.0,320.0,4300.0,4960.0,4300.0,539772.0
2016.01.05,4625.0,35.0,4360.0,4715.0,4360.0,124095.0
2016.01.06,4640.0,15.0,4690.0,4690.0,4500.0,103525.0
2016.01.07,4510.0,130.0,4590.0,4640.0,4455.0,74855.0
2016.01.08,4340.0,170.0,4370.0,4485.0,4305.0,81594.0
2016.01.11,4450.0,110.0,4350.0,4520.0,4275.0,48662.0
2016.01.12,4470.0,20.0,4490.0,4505.0,4395.0,36456.0
2016.01.13,4485.0,15.0,4410.0,4665.0,4380.0,70588.0
2016.01.14,4430.0,55.0,4365.0,4455.0,4365.0,38315.0
2016.01.15,4450.0,20.0,4500.0,4600.0,4430.0,103833.0
2016.01.18,4535.0,85.0,4440.0,4540.0,4375.0,58632.0
2016.01.19,4505.0,30.0,4500.0,4565.0,4405.0,73176.0
2016.01.20,4415.0,90.0,4485.0,4575.0,4310.0,62041.0
2016.01.21,4460.0,45.0,4500.0,4500.0,4300.0,68199.0
2016.01.22,4495.0,35.0,4460.0,4595.0,4370.0,41711.0
2016.01.25,4510.0,15.0,4500.0,4570.0,4425.0,33462.0
2016.01.26,4415.0,95.0,4510.0,4530.0,4415.0,38337.0
2016.01.27,4545.0,130.0,4420.0,4550.0,4375.0,72039.0
2016.01.28,4520.0,25.0,4545.0,4560.0,4460.0,49525.0
2016.01.29,4465.0,55.0,4550.0,4555.0,4435.0,53462.0
2016.02.01,4505.0,40.0,4465.0,4535.0,4390.0,37755.0
2016.02.02,4580.0,75.0,4455.0,4600.0,4455.0,108303.0
2016.02.03,4555.0,25.0,4475.0,4590.0,4475.0,30016.0
2016.02.04,4555.0,0.0,4555.0,4680.0,4480.0,89252.0
2016.02.05,4440.0,115.0,4555.0,4595.0,4355.0,99482.0
2016.02.11,4345.0,95.0,4385.0,4400.0,4235.0,53776.0
2016.02.12,4090.0,255.0,4195.0,4280.0,4045.0,59037.0
2016.02.15,4140.0,50.0,4150.0,4195.0,4010.0,31964.0
2016.02.16,4170.0,30.0,4235.0,4235.0,4030.0,37315.0
2016.02.17,4135.0,35.0,4200.0,4320.0,4120.0,24108.0
2016.02.18,4185.0,50.0,4295.0,4295.0,4110.0,9926.0
2016.02.19,4100.0,85.0,4185.0,4230.0,4090.0,22567.0
2016.02.22,4050.0,50.0,4095.0,4095.0,4000.0,30994.0
2016.02.23,4025.0,25.0,4050.0,4050.0,3935.0,44272.0
2016.02.24,3900.0,125.0,4025.0,4025.0,3835.0,64390.0
2016.02.25,3900.0,0.0,3900.0,3930.0,3825.0,46973.0
2016.02.26,3765.0,135.0,3900.0,3900.0,3765.0,50391.0
2016.02.29,3585.0,180.0,3765.0,4100.0,3560.0,319430.0
2016.03.02,3655.0,70.0,3585.0,3655.0,3580.0,89857.0
2016.03.03,3655.0,0.0,3665.0,3670.0,3600.0,54468.0
2016.03.04,3800.0,145.0,4190.0,4300.0,3715.0,436011.0
2016.03.07,3685.0,115.0,3800.0,3820.0,3680.0,74911.0
2016.03.08,3690.0,5.0,3710.0,3720.0,3650.0,54953.0
2016.03.09,3695.0,5.0,3685.0,3735.0,3645.0,60702.0
2016.03.10,4070.0,375.0,3800.0,4700.0,3795.0,1641394.0
2016.03.11,3950.0,120.0,4070.0,4085.0,3915.0,250747.0
2016.03.14,4030.0,80.0,3980.0,4065.0,3920.0,166332.0
2016.03.15,4005.0,25.0,3970.0,4025.0,3950.0,99426.0
2016.03.16,3980.0,25.0,4015.0,4030.0,3970.0,70382.0
2016.03.17,3960.0,20.0,4015.0,4015.0,3950.0,85370.0
2016.03.18,4085.0,125.0,3975.0,4115.0,3970.0,111256.0
2016.03.21,4030.0,55.0,4090.0,4100.0,4000.0,76694.0
2016.03.22,4045.0,15.0,4065.0,4100.0,3935.0,79668.0
2016.03.23,3990.0,55.0,4000.0,4080.0,3980.0,53806.0
2016.03.24,3995.0,5.0,3990.0,4030.0,3930.0,58006.0
2016.03.25,3980.0,15.0,3995.0,4030.0,3950.0,39106.0
2016.03.28,3950.0,30.0,3980.0,4020.0,3925.0,21190.0
2016.03.29,3950.0,0.0,3950.0,3980.0,3900.0,35730.0
2016.03.30,3940.0,10.0,3950.0,3980.0,3890.0,27213.0
2016.03.31,3850.0,90.0,3920.0,3930.0,3755.0,87075.0
2016.04.01,3810.0,40.0,3830.0,3860.0,3775.0,37406.0
2016.04.04,3780.0,30.0,3850.0,3855.0,3780.0,30905.0
2016.04.05,3960.0,180.0,3780.0,4120.0,3775.0,262780.0
2016.04.06,3960.0,0.0,3930.0,3995.0,3870.0,60198.0
2016.04.07,4070.0,110.0,3985.0,4135.0,3915.0,191863.0
2016.04.08,4040.0,30.0,4120.0,4120.0,3995.0,56737.0
2016.04.11,4055.0,15.0,4060.0,4065.0,4015.0,36300.0
2016.04.12,4015.0,40.0,4020.0,4070.0,3965.0,51086.0
2016.04.14,4190.0,175.0,4015.0,4200.0,3975.0,198766.0
2016.04.15,4400.0,210.0,4210.0,4615.0,4200.0,491626.0
2016.04.18,4260.0,140.0,4405.0,4750.0,4230.0,672980.0
2016.04.19,4145.0,115.0,4260.0,4285.0,4095.0,139582.0
2016.04.20,4105.0,40.0,4150.0,4230.0,4105.0,61254.0
2016.04.21,4200.0,95.0,4145.0,4295.0,4080.0,147595.0
2016.04.22,4380.0,180.0,4320.0,4440.0,4215.0,179606.0
2016.04.25,4320.0,60.0,4475.0,4590.0,4320.0,220055.0
2016.04.26,4215.0,105.0,4365.0,4365.0,4175.0,97081.0
2016.04.27,4260.0,45.0,4330.0,4330.0,4175.0,41077.0
2016.04.28,4345.0,85.0,4220.0,4490.0,4200.0,119265.0
2016.04.29,4300.0,45.0,4345.0,4390.0,4220.0,45670.0
2016.05.02,4210.0,90.0,4330.0,4330.0,4190.0,45586.0
2016.05.03,4285.0,75.0,4190.0,4295.0,4170.0,53743.0
2016.05.04,4290.0,5.0,4220.0,4305.0,4210.0,60444.0
2016.05.09,4250.0,40.0,4235.0,4280.0,4200.0,27035.0
2016.05.10,4260.0,10.0,4265.0,4300.0,4200.0,34402.0
2016.05.11,4250.0,10.0,4260.0,4275.0,4235.0,33299.0
2016.05.12,4155.0,95.0,4250.0,4260.0,4150.0,76835.0
2016.05.13,4215.0,60.0,4175.0,4335.0,4095.0,74734.0
2016.05.16,4140.0,75.0,4195.0,4230.0,4140.0,20925.0
2016.05.17,4160.0,20.0,4140.0,4220.0,4010.0,85933.0
2016.05.18,3950.0,210.0,4150.0,4150.0,3935.0,1634635.0
2016.05.19,3945.0,5.0,3985.0,4020.0,3930.0,142069.0
2016.05.20,3860.0,85.0,4035.0,4035.0,3800.0,103058.0
2016.05.23,3835.0,25.0,3860.0,3900.0,3835.0,49531.0
2016.05.24,3785.0,50.0,3830.0,3910.0,3785.0,73510.0
2016.05.25,3710.0,75.0,3785.0,3815.0,3680.0,96338.0
2016.05.26,3560.0,150.0,3750.0,3775.0,3480.0,192020.0
2016.05.27,3495.0,65.0,3560.0,3560.0,3430.0,141761.0
2016.05.30,3450.0,45.0,3500.0,3530.0,3385.0,62661.0
2016.05.31,3550.0,100.0,3450.0,3550.0,3385.0,167874.0
2016.06.01,3560.0,10.0,3510.0,3640.0,3500.0,123716.0
2016.06.02,3500.0,60.0,3585.0,3585.0,3405.0,122513.0
2016.06.03,3905.0,405.0,3500.0,4065.0,3500.0,646933.0
2016.06.07,3970.0,65.0,3905.0,4095.0,3865.0,332114.0
2016.06.08,3900.0,70.0,3970.0,4050.0,3855.0,247438.0
2016.06.09,3895.0,5.0,3855.0,3970.0,3850.0,70524.0
2016.06.10,3740.0,155.0,3930.0,3935.0,3740.0,69125.0
2016.06.13,3635.0,105.0,3740.0,3740.0,3600.0,105699.0
2016.06.14,3700.0,65.0,3610.0,3795.0,3580.0,114696.0
2016.06.15,3780.0,80.0,3700.0,3825.0,3700.0,76057.0
2016.06.16,3780.0,0.0,3780.0,3820.0,3680.0,36020.0
2016.06.17,3855.0,75.0,3780.0,3855.0,3735.0,55825.0
2016.06.20,3800.0,55.0,3800.0,3875.0,3730.0,83416.0
2016.06.21,3805.0,5.0,3840.0,3855.0,3710.0,17944.0
2016.06.22,3830.0,25.0,3800.0,3865.0,3760.0,34903.0
2016.06.23,3800.0,30.0,3760.0,3835.0,3715.0,27616.0
2016.06.24,3500.0,300.0,3800.0,3805.0,3450.0,183775.0
2016.06.27,3380.0,120.0,3340.0,3500.0,3180.0,296293.0
2016.06.28,3480.0,100.0,3345.0,3625.0,3330.0,61587.0
2016.06.29,3635.0,155.0,3715.0,3715.0,3515.0,18515.0
2016.06.30,3560.0,75.0,3675.0,3680.0,3560.0,27745.0
2016.07.01,3605.0,45.0,3625.0,3625.0,3520.0,47590.0
2016.07.04,3600.0,5.0,3615.0,3630.0,3575.0,40785.0
2016.07.05,3615.0,15.0,3575.0,3620.0,3500.0,108990.0
2016.07.06,3600.0,15.0,3750.0,3750.0,3555.0,130591.0
2016.07.07,3600.0,0.0,3565.0,3635.0,3510.0,37599.0
2016.07.08,3385.0,215.0,3560.0,3640.0,3385.0,105513.0
2016.07.11,3435.0,50.0,3400.0,3455.0,3380.0,40427.0
2016.07.12,3435.0,0.0,3385.0,3460.0,3385.0,25348.0
2016.07.13,3385.0,50.0,3435.0,3465.0,3355.0,80527.0
2016.07.14,3425.0,40.0,3385.0,3435.0,3365.0,35108.0
2016.07.15,3420.0,5.0,3450.0,3450.0,3385.0,31797.0
2016.07.18,3420.0,0.0,3425.0,3440.0,3380.0,26629.0
2016.07.19,3260.0,160.0,3425.0,3425.0,3225.0,85801.0
2016.07.20,3280.0,20.0,3260.0,3325.0,3245.0,57758.0
2016.07.21,3255.0,25.0,3250.0,3345.0,3250.0,46674.0
2016.07.22,3310.0,55.0,3255.0,3320.0,3235.0,56972.0
2016.07.25,3400.0,90.0,3310.0,3640.0,3280.0,243266.0
2016.07.26,3400.0,0.0,3370.0,3480.0,3370.0,105615.0
2016.07.27,3330.0,70.0,3435.0,3435.0,3245.0,23450.0
2016.07.28,3280.0,50.0,3250.0,3330.0,3225.0,53981.0
2016.07.29,3280.0,0.0,3280.0,3315.0,3255.0,63935.0
2016.08.01,3310.0,30.0,3280.0,3330.0,3250.0,75672.0
2016.08.02,3270.0,40.0,3310.0,3330.0,3265.0,52946.0
2016.08.03,3270.0,0.0,3260.0,3345.0,3220.0,62152.0
2016.08.04,3310.0,40.0,3270.0,3490.0,3240.0,302806.0
2016.08.05,3270.0,40.0,3290.0,3335.0,3210.0,109754.0
2016.08.08,3270.0,0.0,3270.0,3295.0,3230.0,27547.0
2016.08.09,3290.0,20.0,3255.0,3315.0,3240.0,65178.0
2016.08.10,3360.0,70.0,3275.0,3405.0,3275.0,122660.0
2016.08.11,3360.0,0.0,3360.0,3435.0,3325.0,76531.0
2016.08.12,3345.0,15.0,3365.0,3545.0,3325.0,212959.0
2016.08.16,3340.0,5.0,3430.0,3430.0,3320.0,70458.0
2016.08.17,3315.0,25.0,3325.0,3375.0,3270.0,64159.0
2016.08.18,3300.0,15.0,3275.0,3335.0,3250.0,63671.0
2016.08.19,3320.0,20.0,3300.0,3355.0,3300.0,59784.0
2016.08.22,3295.0,25.0,3285.0,3360.0,3275.0,25953.0
2016.08.23,3280.0,15.0,3305.0,3355.0,3270.0,16415.0
2016.08.24,3320.0,40.0,3345.0,3345.0,3260.0,36193.0
2016.08.25,3320.0,0.0,3280.0,3345.0,3280.0,50068.0
2016.08.26,3320.0,0.0,3350.0,3350.0,3270.0,40255.0
2016.08.29,3315.0,5.0,3300.0,3345.0,3290.0,42578.0
2016.08.30,3305.0,10.0,3340.0,3340.0,3250.0,86579.0
2016.08.31,3360.0,55.0,3350.0,3360.0,3265.0,55009.0
2016.09.01,3340.0,20.0,3360.0,3360.0,3275.0,246463.0
2016.09.02,3345.0,5.0,3450.0,3450.0,3320.0,282561.0
2016.09.05,3330.0,15.0,3345.0,3345.0,3295.0,105446.0
2016.09.06,3310.0,20.0,3325.0,3330.0,3270.0,74156.0
2016.09.07,3320.0,10.0,3290.0,3375.0,3280.0,87761.0
2016.09.08,3335.0,15.0,3290.0,3360.0,3275.0,53093.0
2016.09.09,3315.0,20.0,3300.0,3360.0,3280.0,56058.0
2016.09.12,3355.0,40.0,3320.0,3455.0,3320.0,182234.0
2016.09.13,3340.0,15.0,3380.0,3395.0,3285.0,87956.0
2016.09.19,3330.0,10.0,3340.0,3340.0,3300.0,33732.0
2016.09.20,3305.0,25.0,3290.0,3330.0,3290.0,75729.0
2016.09.21,3310.0,5.0,3305.0,3330.0,3270.0,99107.0
2016.09.22,3330.0,20.0,3310.0,3400.0,3305.0,115937.0
2016.09.23,3335.0,5.0,3335.0,3355.0,3285.0,81775.0
2016.09.26,3335.0,0.0,3335.0,3335.0,3320.0,41433.0
2016.09.27,3430.0,95.0,3325.0,3430.0,3310.0,237286.0
2016.09.28,3695.0,265.0,3430.0,4100.0,3430.0,3815561.0
2016.09.29,3710.0,15.0,3750.0,3755.0,3625.0,427570.0
2016.09.30,3855.0,145.0,3710.0,4180.0,3655.0,2139211.0
2016.10.04,3890.0,35.0,3915.0,4035.0,3830.0,539072.0
2016.10.05,4035.0,145.0,3900.0,4040.0,3830.0,371977.0
2016.10.06,3900.0,135.0,3985.0,4150.0,3900.0,439737.0
2016.10.07,3720.0,180.0,3895.0,3900.0,3680.0,409087.0
2016.10.10,3800.0,80.0,3710.0,3885.0,3690.0,195762.0
2016.10.11,3800.0,0.0,3780.0,3870.0,3720.0,108912.0
2016.10.12,3980.0,180.0,3780.0,4050.0,3765.0,298325.0
2016.10.13,3850.0,130.0,4090.0,4415.0,3810.0,1362463.0
2016.10.14,3855.0,5.0,3850.0,4000.0,3770.0,162148.0
2016.10.17,3660.0,195.0,3835.0,3895.0,3620.0,148592.0
2016.10.18,3665.0,5.0,3660.0,3790.0,3610.0,88431.0
2016.10.19,3595.0,70.0,3730.0,3730.0,3540.0,123314.0
2016.10.20,3600.0,5.0,3595.0,3685.0,3550.0,86784.0
2016.10.21,3745.0,145.0,3635.0,3820.0,3635.0,158800.0
2016.10.24,3850.0,105.0,3800.0,4035.0,3750.0,215470.0
2016.10.25,3890.0,40.0,3900.0,4050.0,3775.0,519148.0
2016.10.26,3790.0,100.0,3855.0,3890.0,3730.0,96041.0
2016.10.27,3970.0,180.0,3795.0,4090.0,3795.0,307654.0
2016.10.28,3970.0,0.0,4070.0,4250.0,3960.0,685627.0
2016.10.31,3865.0,105.0,3910.0,4090.0,3780.0,198667.0
2016.11.01,3950.0,85.0,4010.0,4100.0,3870.0,192957.0
2016.11.02,3700.0,250.0,3885.0,3900.0,3675.0,218391.0
2016.11.03,3750.0,50.0,3595.0,3750.0,3555.0,155906.0
2016.11.04,3695.0,55.0,3750.0,3785.0,3645.0,65753.0
2016.11.07,3685.0,10.0,3695.0,3735.0,3665.0,44653.0
2016.11.08,3610.0,75.0,3675.0,3685.0,3500.0,145424.0
2016.11.09,3315.0,295.0,3600.0,3600.0,3245.0,249217.0
2016.11.10,3465.0,150.0,3385.0,3555.0,3315.0,115745.0
2016.11.11,3600.0,135.0,3465.0,3660.0,3435.0,157235.0
2016.11.14,3640.0,40.0,3635.0,3715.0,3580.0,132813.0
2016.11.15,3580.0,60.0,3640.0,3640.0,3575.0,41948.0
2016.11.16,3580.0,0.0,3580.0,3625.0,3535.0,55767.0
2016.11.17,3660.0,80.0,3585.0,3700.0,3580.0,92042.0
2016.11.18,3535.0,125.0,3680.0,3700.0,3535.0,68725.0
2016.11.21,3500.0,35.0,3535.0,3680.0,3470.0,62396.0
2016.11.22,3400.0,100.0,3480.0,3545.0,3380.0,83958.0
2016.11.23,3360.0,40.0,3500.0,3500.0,3360.0,67155.0
2016.11.24,3470.0,110.0,3360.0,3525.0,3315.0,46655.0
2016.11.25,3555.0,85.0,3530.0,3555.0,3440.0,40355.0
2016.11.28,3505.0,50.0,3595.0,3595.0,3500.0,36559.0
2016.11.29,3495.0,10.0,3520.0,3540.0,3460.0,33068.0
2016.11.30,3505.0,10.0,3495.0,3530.0,3405.0,59113.0
2016.12.01,3475.0,30.0,3505.0,3545.0,3400.0,71985.0
2016.12.02,3465.0,10.0,3470.0,3515.0,3450.0,46743.0
2016.12.05,3380.0,85.0,3435.0,3465.0,3380.0,44403.0
2016.12.06,3390.0,10.0,3380.0,3450.0,3370.0,39513.0
2016.12.07,3365.0,25.0,3390.0,3400.0,3335.0,56298.0
2016.12.08,3380.0,15.0,3365.0,3460.0,3360.0,36622.0
2016.12.09,3415.0,35.0,3355.0,3415.0,3335.0,63497.0
2016.12.12,3395.0,20.0,3470.0,3470.0,3365.0,33752.0
2016.12.13,3405.0,10.0,3400.0,3420.0,3360.0,75925.0
2016.12.14,3500.0,95.0,3405.0,3500.0,3375.0,117810.0
2016.12.15,3605.0,105.0,3535.0,3700.0,3460.0,168604.0
2016.12.16,3730.0,125.0,3660.0,3735.0,3550.0,120144.0
2016.12.19,3745.0,15.0,3730.0,3785.0,3695.0,131541.0
2016.12.20,3670.0,75.0,3780.0,3790.0,3585.0,117123.0
2016.12.21,3675.0,5.0,3725.0,3725.0,3600.0,83811.0
2016.12.22,3720.0,45.0,3675.0,3740.0,3650.0,98627.0
2016.12.23,3865.0,145.0,3715.0,3940.0,3715.0,342513.0
2016.12.26,3855.0,10.0,3900.0,3920.0,3800.0,128263.0
2016.12.27,3840.0,15.0,3875.0,3895.0,3830.0,80381.0
2016.12.28,3920.0,80.0,3795.0,3970.0,3795.0,175015.0
2016.12.29,3860.0,60.0,3915.0,3955.0,3810.0,118704.0
2017.01.02,3790.0,70.0,3860.0,3860.0,3785.0,52392.0
2017.01.03,3995.0,205.0,3875.0,4150.0,3830.0,227409.0
2017.01.04,4005.0,10.0,3975.0,4070.0,3975.0,112215.0
2017.01.05,4130.0,125.0,4045.0,4170.0,3995.0,243526.0
2017.01.06,4140.0,10.0,4190.0,4190.0,3990.0,76240.0
2017.01.09,4075.0,65.0,4090.0,4165.0,4065.0,68830.0
2017.01.10,4010.0,65.0,4025.0,4085.0,3980.0,87788.0
2017.01.11,4030.0,20.0,4090.0,4090.0,3980.0,44860.0
2017.01.12,4040.0,10.0,4070.0,4070.0,3915.0,60974.0
2017.01.13,4015.0,25.0,4080.0,4085.0,4000.0,47279.0
2017.01.16,3950.0,65.0,4015.0,4060.0,3940.0,23603.0
2017.01.17,3815.0,135.0,3910.0,3985.0,3790.0,82376.0
2017.01.18,3835.0,20.0,3815.0,3850.0,3750.0,44399.0
2017.01.19,3820.0,15.0,3835.0,3900.0,3785.0,10928.0
2017.01.20,3820.0,0.0,3820.0,3860.0,3700.0,35513.0
2017.01.23,3715.0,105.0,3735.0,3765.0,3635.0,72448.0
2017.01.24,3610.0,105.0,3715.0,3745.0,3600.0,61094.0
2017.01.25,3755.0,145.0,3580.0,3965.0,3580.0,213429.0
2017.01.26,3770.0,15.0,3755.0,3790.0,3730.0,27698.0
2017.01.31,3805.0,35.0,3820.0,3820.0,3700.0,41978.0
2017.02.01,3825.0,20.0,3755.0,3830.0,3755.0,74847.0
2017.02.02,3840.0,15.0,3850.0,3990.0,3785.0,98632.0
2017.02.03,3750.0,90.0,3775.0,3855.0,3750.0,42569.0
2017.02.06,3780.0,30.0,3790.0,3840.0,3730.0,16782.0
2017.02.07,3635.0,145.0,3800.0,3800.0,3510.0,171991.0
2017.02.08,3535.0,100.0,3655.0,3660.0,3510.0,88730.0
2017.02.09,3565.0,30.0,3580.0,3610.0,3530.0,39279.0
2017.02.10,3580.0,15.0,3605.0,3640.0,3510.0,41712.0
2017.02.13,3585.0,5.0,3580.0,3605.0,3535.0,34295.0
2017.02.14,3610.0,25.0,3835.0,4200.0,3545.0,272172.0
2017.02.15,3645.0,35.0,3595.0,3665.0,3590.0,66738.0
2017.02.16,3720.0,75.0,3740.0,3770.0,3640.0,105580.0
2017.02.17,3720.0,0.0,3710.0,3770.0,3680.0,51194.0
2017.02.20,3625.0,95.0,3700.0,3755.0,3625.0,58175.0
2017.02.21,3600.0,25.0,3625.0,3695.0,3590.0,82138.0
2017.02.22,3655.0,55.0,3605.0,3675.0,3605.0,37176.0
2017.02.23,3565.0,90.0,3660.0,3675.0,3420.0,136564.0
2017.02.24,3470.0,95.0,3535.0,3590.0,3445.0,129872.0
2017.02.27,3505.0,35.0,3480.0,3545.0,3455.0,39729.0
2017.02.28,3520.0,15.0,3540.0,3560.0,3500.0,19080.0
2017.03.02,3480.0,40.0,3520.0,3560.0,3475.0,14175.0
2017.03.03,3400.0,80.0,3475.0,3475.0,3340.0,56204.0
2017.03.06,3395.0,5.0,3400.0,3510.0,3390.0,8238.0
2017.03.07,3390.0,5.0,3350.0,3485.0,3350.0,25161.0
2017.03.08,3370.0,20.0,3390.0,3450.0,3350.0,62163.0
2017.03.09,3380.0,10.0,3400.0,3410.0,3345.0,22666.0
2017.03.10,3400.0,20.0,3360.0,3435.0,3340.0,14922.0
2017.03.13,3355.0,45.0,3400.0,3430.0,3330.0,29296.0
2017.03.14,3350.0,5.0,3415.0,3415.0,3300.0,59735.0
2017.03.15,3370.0,20.0,3355.0,3400.0,3250.0,117706.0
2017.03.16,3375.0,5.0,3370.0,3395.0,3325.0,33769.0
2017.03.17,3390.0,15.0,3380.0,3445.0,3325.0,18963.0
2017.03.20,3375.0,15.0,3380.0,3425.0,3345.0,46265.0
2017.03.21,3355.0,20.0,3350.0,3380.0,3270.0,109292.0
2017.03.22,3310.0,45.0,3345.0,3355.0,3255.0,43199.0
2017.03.23,3310.0,0.0,3310.0,3345.0,3265.0,20268.0
2017.03.24,3255.0,55.0,3310.0,3310.0,3205.0,84030.0
2017.03.27,3250.0,5.0,3255.0,3285.0,3215.0,25933.0
2017.03.28,3245.0,5.0,3240.0,3320.0,3210.0,32923.0
2017.03.29,3220.0,25.0,3245.0,3290.0,3220.0,21229.0
2017.03.30,3130.0,90.0,3220.0,3250.0,3115.0,57893.0
2017.03.31,3255.0,125.0,3175.0,3280.0,3130.0,31480.0
2017.04.03,3260.0,5.0,3255.0,3285.0,3245.0,14326.0
2017.04.04,3305.0,45.0,3205.0,3335.0,3190.0,62756.0
2017.04.05,3230.0,75.0,3315.0,3315.0,3210.0,47455.0
2017.04.06,3245.0,15.0,3250.0,3285.0,3230.0,46925.0
2017.04.07,3240.0,5.0,3265.0,3265.0,3195.0,36837.0
2017.04.10,3155.0,85.0,3225.0,3235.0,3145.0,32066.0
2017.04.11,3150.0,5.0,3135.0,3235.0,3080.0,33278.0
2017.04.12,3120.0,30.0,3150.0,3150.0,3070.0,54648.0
2017.04.13,3050.0,70.0,3120.0,3130.0,3015.0,83848.0
2017.04.14,3000.0,50.0,3050.0,3070.0,3000.0,66255.0
2017.04.17,3030.0,30.0,3000.0,3065.0,2980.0,88647.0
2017.04.18,3205.0,175.0,3030.0,3400.0,2990.0,681888.0
2017.04.19,3230.0,25.0,3200.0,3235.0,3135.0,124635.0
2017.04.20,3225.0,5.0,3230.0,3265.0,3195.0,55701.0
2017.04.21,3195.0,30.0,3260.0,3260.0,3150.0,112667.0
2017.04.24,3155.0,40.0,3195.0,3220.0,3145.0,124254.0
2017.04.25,3190.0,35.0,3195.0,3225.0,3160.0,53031.0
2017.04.26,3230.0,40.0,3190.0,3570.0,3145.0,904136.0
2017.04.27,3345.0,115.0,3255.0,3495.0,3250.0,931771.0
2017.04.28,3370.0,25.0,3390.0,3445.0,3325.0,263855.0
2017.05.02,3350.0,20.0,3380.0,3425.0,3325.0,135044.0
2017.05.04,3370.0,20.0,3350.0,3390.0,3285.0,67646.0
2017.05.08,3315.0,55.0,3375.0,3395.0,3280.0,162165.0
2017.05.10,3350.0,35.0,3315.0,3360.0,3295.0,102992.0
2017.05.11,3300.0,50.0,3350.0,3350.0,3285.0,64252.0
2017.05.12,3325.0,25.0,3300.0,3330.0,3285.0,46528.0
2017.05.15,3310.0,15.0,3325.0,3330.0,3290.0,27934.0
2017.05.16,3300.0,10.0,3320.0,3320.0,3275.0,52449.0
2017.05.17,3360.0,60.0,3305.0,3420.0,3305.0,197419.0
2017.05.18,3355.0,5.0,3310.0,3370.0,3300.0,36047.0
2017.05.19,3365.0,10.0,3365.0,3385.0,3310.0,66774.0
2017.05.22,3330.0,35.0,3370.0,3385.0,3290.0,75024.0
2017.05.23,3335.0,5.0,3330.0,3370.0,3310.0,73720.0
2017.05.24,3295.0,40.0,3335.0,3345.0,3285.0,102641.0
2017.05.25,3295.0,0.0,3290.0,3345.0,3255.0,145789.0
2017.05.26,3305.0,10.0,3320.0,3330.0,3295.0,47138.0
2017.05.29,3365.0,60.0,3305.0,3440.0,3270.0,178305.0
2017.05.30,3350.0,15.0,3380.0,3410.0,3340.0,58687.0
2017.05.31,3395.0,45.0,3350.0,3415.0,3300.0,139095.0
2017.06.01,3440.0,45.0,3400.0,3465.0,3365.0,109398.0
2017.06.02,3430.0,10.0,3445.0,3465.0,3390.0,57122.0
2017.06.05,3375.0,55.0,3450.0,3450.0,3370.0,40985.0
2017.06.07,3385.0,10.0,3360.0,3425.0,3315.0,61127.0
2017.06.08,3435.0,50.0,3370.0,3480.0,3360.0,122908.0
2017.06.09,3450.0,15.0,3430.0,3465.0,3385.0,110303.0
2017.06.12,3525.0,75.0,3455.0,3575.0,3395.0,215686.0
2017.06.13,3545.0,20.0,3520.0,3545.0,3490.0,127695.0
2017.06.14,3540.0,5.0,3545.0,3565.0,3510.0,113264.0
2017.06.15,3605.0,65.0,3540.0,3700.0,3505.0,316097.0
2017.06.16,3575.0,30.0,3605.0,3605.0,3540.0,106083.0
2017.06.19,3545.0,30.0,3575.0,3575.0,3505.0,104737.0
2017.06.20,3430.0,115.0,3545.0,3545.0,3365.0,194744.0
2017.06.21,3340.0,90.0,3395.0,3430.0,3330.0,146861.0
2017.06.22,3330.0,10.0,3340.0,3355.0,3295.0,134469.0
2017.06.23,3350.0,20.0,3330.0,3375.0,3295.0,52417.0
2017.06.26,3365.0,15.0,3350.0,3420.0,3325.0,32843.0
2017.06.27,3330.0,35.0,3335.0,3390.0,3290.0,128914.0
2017.06.28,3405.0,75.0,3330.0,3450.0,3300.0,96556.0
2017.06.29,3350.0,55.0,3395.0,3425.0,3320.0,49726.0
2017.06.30,3395.0,45.0,3350.0,3425.0,3290.0,124165.0
2017.07.03,3310.0,85.0,3365.0,3420.0,3300.0,86070.0
2017.07.04,3315.0,5.0,3310.0,3340.0,3270.0,86598.0
2017.07.05,3325.0,10.0,3315.0,3350.0,3305.0,33980.0
2017.07.06,3340.0,15.0,3325.0,3360.0,3300.0,19298.0
2017.07.07,3355.0,15.0,3345.0,3380.0,3310.0,22003.0
2017.07.10,3330.0,25.0,3355.0,3360.0,3285.0,33514.0
2017.07.11,3320.0,10.0,3325.0,3350.0,3290.0,19963.0
2017.07.12,3280.0,40.0,3320.0,3350.0,3280.0,23800.0
2017.07.13,3230.0,50.0,3280.0,3310.0,3215.0,50343.0
2017.07.14,3155.0,75.0,3235.0,3240.0,3140.0,58554.0
2017.07.17,3130.0,25.0,3155.0,3180.0,3115.0,36405.0
2017.07.18,3165.0,35.0,3105.0,3300.0,3100.0,37853.0
2017.07.19,3125.0,40.0,3165.0,3190.0,3115.0,47759.0
2017.07.20,3145.0,20.0,3125.0,3150.0,3100.0,31173.0
2017.07.21,3125.0,20.0,3145.0,3155.0,3115.0,39684.0
2017.07.24,3090.0,35.0,3105.0,3140.0,3085.0,44132.0
2017.07.25,3090.0,0.0,3095.0,3110.0,3045.0,84471.0
2017.07.26,3050.0,40.0,3090.0,3100.0,3040.0,22912.0
2017.07.27,3080.0,30.0,3050.0,3110.0,3005.0,29659.0
2017.07.28,3145.0,65.0,3080.0,3260.0,3045.0,71522.0
2017.07.31,3010.0,135.0,3135.0,3145.0,2975.0,100481.0
2017.08.01,3040.0,30.0,3025.0,3055.0,2990.0,40020.0
2017.08.02,3025.0,15.0,3035.0,3040.0,2995.0,28142.0
2017.08.03,2950.0,75.0,3025.0,3025.0,2920.0,45375.0
2017.08.04,2980.0,30.0,2950.0,2995.0,2920.0,48325.0
2017.08.07,3000.0,20.0,2965.0,3010.0,2960.0,26967.0
2017.08.08,3000.0,0.0,3000.0,3020.0,2950.0,25595.0
2017.08.09,2860.0,140.0,3010.0,3020.0,2810.0,166291.0
2017.08.10,2860.0,0.0,2860.0,2945.0,2810.0,42733.0
2017.08.11,2730.0,130.0,2850.0,2855.0,2675.0,111109.0
2017.08.14,2555.0,175.0,2665.0,2695.0,2545.0,208963.0
2017.08.16,2510.0,45.0,2555.0,2605.0,2495.0,69340.0
2017.08.17,2530.0,20.0,2540.0,2540.0,2510.0,43169.0
2017.08.18,2450.0,80.0,2515.0,2525.0,2450.0,83716.0
2017.08.21,2500.0,50.0,2470.0,2540.0,2450.0,35022.0
2017.08.22,2695.0,195.0,2500.0,3020.0,2475.0,2155566.0
2017.08.23,2695.0,0.0,2700.0,2760.0,2635.0,246734.0
2017.08.24,2680.0,15.0,2730.0,2735.0,2650.0,74799.0
2017.08.25,2720.0,40.0,2710.0,2960.0,2655.0,272986.0
2017.08.28,3040.0,320.0,2790.0,3270.0,2745.0,6102546.0
2017.08.29,2990.0,50.0,3030.0,3040.0,2860.0,649150.0
2017.08.30,2955.0,35.0,2990.0,2990.0,2855.0,253267.0
2017.08.31,2880.0,75.0,2930.0,2990.0,2880.0,191092.0
2017.09.01,2835.0,45.0,2920.0,2985.0,2760.0,341088.0
2017.09.04,2720.0,115.0,2700.0,2765.0,2665.0,399484.0
2017.09.05,2665.0,55.0,2750.0,2755.0,2630.0,177433.0
2017.09.06,2660.0,5.0,2670.0,2715.0,2650.0,84935.0
2017.09.07,2645.0,15.0,2655.0,2700.0,2640.0,73156.0
2017.09.08,2680.0,35.0,2685.0,2815.0,2660.0,264161.0
2017.09.11,2725.0,45.0,2680.0,2740.0,2680.0,39444.0
2017.09.12,2700.0,25.0,2730.0,2740.0,2650.0,102216.0
2017.09.13,2645.0,55.0,2670.0,2700.0,2625.0,98701.0
2017.09.14,2620.0,25.0,2645.0,2690.0,2580.0,87208.0
2017.09.15,2600.0,20.0,2605.0,2640.0,2595.0,51816.0
2017.09.18,2640.0,40.0,2605.0,2735.0,2605.0,74769.0
2017.09.19,2615.0,25.0,2650.0,2720.0,2595.0,49505.0
2017.09.20,2570.0,45.0,2660.0,2660.0,2570.0,59568.0
2017.09.21,2520.0,50.0,2630.0,2630.0,2505.0,88543.0
2017.09.22,2430.0,90.0,2520.0,2570.0,2405.0,173208.0
2017.09.25,2280.0,150.0,2400.0,2450.0,2280.0,169182.0
2017.09.26,2300.0,20.0,2270.0,2330.0,2225.0,65226.0
2017.09.27,2325.0,25.0,2320.0,2335.0,2285.0,85389.0
2017.09.28,2360.0,35.0,2330.0,2695.0,2290.0,722993.0
2017.09.29,2380.0,20.0,2380.0,2485.0,2330.0,152464.0
2017.10.10,2385.0,5.0,2385.0,2430.0,2375.0,51323.0
2017.10.11,2550.0,165.0,2400.0,2710.0,2395.0,874393.0
2017.10.12,2560.0,10.0,2535.0,2585.0,2475.0,113605.0
2017.10.13,2515.0,45.0,2560.0,2585.0,2485.0,79115.0
2017.10.16,2510.0,5.0,2555.0,2610.0,2500.0,92492.0
2017.10.17,2610.0,100.0,2510.0,2665.0,2510.0,226750.0
2017.10.18,2660.0,50.0,2645.0,2850.0,2600.0,905359.0
2017.10.19,2600.0,60.0,2660.0,2715.0,2560.0,107176.0
2017.10.20,2515.0,85.0,2610.0,2640.0,2500.0,126034.0
2017.10.23,2510.0,5.0,2515.0,2535.0,2495.0,44818.0
2017.10.24,2485.0,25.0,2510.0,2585.0,2480.0,76844.0
2017.10.25,2535.0,50.0,2485.0,2550.0,2455.0,59465.0
2017.10.26,2615.0,80.0,2535.0,2620.0,2505.0,59159.0
2017.10.27,3300.0,685.0,2615.0,3395.0,2615.0,6676491.0
2017.10.30,3170.0,130.0,3130.0,3170.0,3045.0,2052707.0
2017.10.31,3180.0,10.0,3140.0,3350.0,3095.0,2434494.0
2017.11.01,3295.0,115.0,3180.0,3300.0,3100.0,1120277.0
2017.11.02,3125.0,170.0,3230.0,3315.0,3110.0,874916.0
2017.11.03,3125.0,0.0,3070.0,3125.0,3025.0,311986.0
2017.11.06,3125.0,0.0,3130.0,3310.0,3040.0,653495.0
2017.11.07,3075.0,50.0,3125.0,3165.0,3065.0,183498.0
2017.11.08,3125.0,50.0,3100.0,3145.0,3050.0,124052.0
2017.11.09,3140.0,15.0,3120.0,3200.0,3100.0,161951.0
2017.11.10,3110.0,30.0,3080.0,3150.0,3080.0,83174.0
2017.11.13,3195.0,85.0,3100.0,3235.0,3100.0,302423.0
2017.11.14,3095.0,100.0,3190.0,3230.0,3075.0,269827.0
2017.11.15,3175.0,80.0,3100.0,3190.0,3035.0,224670.0
2017.11.16,3110.0,65.0,3165.0,3175.0,3070.0,133128.0
2017.11.17,3090.0,20.0,3140.0,3145.0,3085.0,104418.0
2017.11.20,3125.0,35.0,3090.0,3165.0,3075.0,174897.0
2017.11.21,3055.0,70.0,3155.0,3155.0,3040.0,189019.0
2017.11.22,2990.0,65.0,3060.0,3095.0,2975.0,173236.0
2017.11.23,3135.0,145.0,3015.0,3220.0,2935.0,335869.0
2017.11.24,3080.0,55.0,3170.0,3170.0,3050.0,107104.0
2017.11.27,3030.0,50.0,3080.0,3085.0,3010.0,101656.0
2017.11.28,3005.0,25.0,3065.0,3070.0,2970.0,105517.0
2017.11.29,2960.0,45.0,3000.0,3065.0,2940.0,156001.0
2017.11.30,3080.0,120.0,2960.0,3455.0,2955.0,4647620.0
2017.12.01,3170.0,90.0,3100.0,3175.0,3070.0,321256.0
2017.12.04,3105.0,65.0,3170.0,3225.0,3100.0,215673.0
2017.12.05,3175.0,70.0,3085.0,3175.0,3060.0,117434.0
2017.12.06,3090.0,85.0,3190.0,3270.0,3060.0,218735.0
2017.12.07,2985.0,105.0,3090.0,3120.0,2980.0,161220.0
2017.12.08,3080.0,95.0,3000.0,3480.0,2965.0,1173315.0
2017.12.11,3155.0,75.0,3060.0,3180.0,3060.0,154276.0
2017.12.12,3750.0,595.0,3160.0,4085.0,3160.0,10458908.0
2017.12.13,3820.0,70.0,3700.0,3820.0,3640.0,1672819.0
2017.12.14,3850.0,30.0,3800.0,3850.0,3725.0,854388.0
2017.12.15,3630.0,220.0,3820.0,3835.0,3600.0,886484.0
2017.12.18,3570.0,60.0,3600.0,3625.0,3485.0,639813.0
2017.12.19,3395.0,175.0,3550.0,3565.0,3350.0,683321.0
2017.12.20,3365.0,30.0,3430.0,3495.0,3365.0,434081.0
2017.12.21,3420.0,55.0,3340.0,3450.0,3255.0,459151.0
2017.12.22,3295.0,125.0,3370.0,3415.0,3195.0,363871.0
2017.12.26,3200.0,95.0,3305.0,3335.0,3200.0,212647.0
2017.12.27,3155.0,45.0,3120.0,3300.0,3115.0,247072.0
2017.12.28,3255.0,100.0,3165.0,3290.0,3165.0,156354.0
2018.01.02,3340.0,85.0,3310.0,3380.0,3275.0,279516.0
2018.01.03,3275.0,65.0,3380.0,3380.0,3275.0,174452.0
2018.01.04,3400.0,125.0,3240.0,3520.0,3240.0,964969.0
2018.01.05,3470.0,70.0,3410.0,3545.0,3410.0,373669.0
2018.01.08,3530.0,60.0,3470.0,3540.0,3420.0,243110.0
2018.01.09,3455.0,75.0,3530.0,3600.0,3430.0,263014.0
2018.01.10,3575.0,120.0,3485.0,3600.0,3435.0,421656.0
2018.01.11,4010.0,435.0,3750.0,4260.0,3620.0,6088341.0
2018.01.12,3855.0,155.0,3965.0,3975.0,3755.0,924543.0
2018.01.15,3635.0,220.0,3850.0,3850.0,3635.0,767170.0
2018.01.16,3605.0,30.0,3670.0,3690.0,3550.0,401540.0
2018.01.17,3730.0,125.0,3570.0,3785.0,3540.0,591611.0
2018.01.18,3700.0,30.0,3850.0,3855.0,3700.0,659277.0
2018.01.19,3655.0,45.0,3710.0,3825.0,3650.0,560421.0
2018.01.22,3805.0,150.0,3640.0,3835.0,3640.0,325055.0
2018.01.23,3800.0,5.0,3835.0,3840.0,3730.0,279988.0
2018.01.24,3815.0,15.0,3800.0,3880.0,3750.0,228726.0
2018.01.25,3900.0,85.0,3880.0,4115.0,3865.0,964256.0
2018.01.26,3890.0,10.0,3980.0,3980.0,3850.0,269144.0
2018.01.29,3830.0,60.0,3960.0,3960.0,3805.0,364606.0
2018.01.30,3805.0,25.0,3875.0,3875.0,3735.0,305351.0
2018.01.31,3715.0,90.0,3805.0,3840.0,3690.0,234282.0
2018.02.01,3860.0,145.0,3800.0,3925.0,3680.0,493779.0
2018.02.02,3760.0,100.0,3860.0,3905.0,3710.0,236282.0
2018.02.05,3460.0,300.0,3600.0,3650.0,3460.0,349089.0
2018.02.06,3350.0,110.0,3210.0,3400.0,3160.0,358970.0
2018.02.07,3320.0,30.0,3555.0,3555.0,3315.0,94317.0
2018.02.08,3330.0,10.0,3360.0,3400.0,3320.0,75769.0
2018.02.09,3315.0,15.0,3250.0,3420.0,3250.0,85064.0
2018.02.12,3465.0,150.0,3400.0,3570.0,3335.0,138830.0
2018.02.13,3450.0,15.0,3520.0,3530.0,3370.0,59150.0
2018.02.14,3450.0,0.0,3400.0,3495.0,3375.0,71562.0
2018.02.19,3505.0,55.0,3440.0,3530.0,3440.0,73057.0
2018.02.20,3495.0,10.0,3465.0,3520.0,3460.0,152703.0
2018.02.21,3525.0,30.0,3495.0,3550.0,3455.0,50960.0
2018.02.22,3520.0,5.0,3525.0,3560.0,3495.0,46002.0
2018.02.23,3525.0,5.0,3565.0,3565.0,3460.0,39607.0
2018.02.26,3485.0,40.0,3540.0,3570.0,3460.0,86087.0
2018.02.27,3440.0,45.0,3485.0,3530.0,3380.0,99158.0
2018.02.28,3330.0,110.0,3440.0,3485.0,3310.0,89323.0
2018.03.02,3360.0,30.0,3315.0,3375.0,3200.0,96106.0
2018.03.05,3350.0,10.0,3490.0,3490.0,3230.0,59593.0
2018.03.06,3335.0,15.0,3350.0,3405.0,3295.0,57078.0
2018.03.07,3260.0,75.0,3335.0,3340.0,3230.0,73941.0
2018.03.08,3250.0,10.0,3260.0,3290.0,3180.0,107916.0
2018.03.09,3325.0,75.0,3240.0,3330.0,3225.0,61251.0
2018.03.12,3385.0,60.0,3305.0,3415.0,3305.0,88192.0
2018.03.13,3395.0,10.0,3420.0,3420.0,3335.0,79379.0
2018.03.14,3365.0,30.0,3395.0,3450.0,3345.0,40591.0
2018.03.15,3345.0,20.0,3410.0,3410.0,3335.0,48620.0
2018.03.16,3360.0,15.0,3345.0,3400.0,3320.0,36431.0
2018.03.19,3250.0,110.0,3360.0,3365.0,3250.0,199481.0
2018.03.20,3270.0,20.0,3225.0,3280.0,3200.0,60848.0
2018.03.21,3365.0,95.0,3270.0,3440.0,3220.0,144011.0
2018.03.22,3265.0,100.0,3305.0,3405.0,3250.0,103064.0
2018.03.23,3105.0,160.0,3170.0,3225.0,3035.0,174820.0
2018.03.26,3005.0,100.0,3005.0,3070.0,2980.0,203721.0
2018.03.27,3035.0,30.0,2985.0,3075.0,2985.0,62761.0
2018.03.28,3020.0,15.0,3035.0,3090.0,2990.0,53956.0
2018.03.29,3040.0,20.0,3030.0,3090.0,3005.0,40692.0
2018.03.30,3050.0,10.0,3040.0,3070.0,3025.0,57356.0
2018.04.02,3185.0,135.0,3055.0,3240.0,3055.0,237907.0
2018.04.03,3215.0,30.0,3140.0,3255.0,3140.0,100269.0
2018.04.04,3145.0,70.0,3215.0,3240.0,3075.0,85251.0
2018.04.05,3115.0,30.0,3140.0,3190.0,3050.0,67799.0
2018.04.06,3250.0,135.0,3145.0,3440.0,3090.0,271024.0
2018.04.09,3235.0,15.0,3250.0,3325.0,3190.0,58516.0
2018.04.10,3240.0,5.0,3230.0,3245.0,3190.0,107275.0
2018.04.11,3230.0,10.0,3245.0,3290.0,3080.0,82766.0
2018.04.12,3150.0,80.0,3225.0,3235.0,3130.0,82069.0
2018.04.13,3150.0,0.0,3235.0,3235.0,3125.0,27445.0
2018.04.16,3145.0,5.0,3150.0,3195.0,3095.0,40036.0
2018.04.17,3165.0,20.0,3145.0,3180.0,3115.0,23685.0
2018.04.18,3190.0,25.0,3155.0,3245.0,3155.0,69881.0
2018.04.19,3320.0,130.0,3190.0,3320.0,3185.0,177833.0
2018.04.20,3320.0,0.0,3325.0,3335.0,3220.0,90235.0
2018.04.23,3280.0,40.0,3365.0,3365.0,3245.0,53299.0
2018.04.24,3280.0,0.0,3275.0,3350.0,3250.0,49540.0
2018.04.25,3170.0,110.0,3185.0,3270.0,3155.0,117750.0
2018.04.26,3285.0,115.0,3175.0,3345.0,3175.0,102095.0
2018.04.27,3830.0,545.0,3305.0,4270.0,3305.0,11223841.0
2018.04.30,4045.0,215.0,3705.0,4340.0,3650.0,2336439.0
2018.05.02,3835.0,210.0,4020.0,4370.0,3710.0,2177204.0
2018.05.03,3835.0,0.0,3960.0,4195.0,3765.0,968516.0
2018.05.04,3770.0,65.0,3835.0,3835.0,3665.0,549525.0
2018.05.08,3570.0,200.0,3795.0,3830.0,3570.0,491151.0
2018.05.09,3650.0,80.0,3600.0,3665.0,3490.0,197194.0
2018.05.10,3770.0,120.0,3725.0,3875.0,3700.0,1022893.0
2018.05.11,3780.0,10.0,3770.0,3865.0,3740.0,256309.0
2018.05.14,3850.0,70.0,3780.0,3855.0,3710.0,284311.0
2018.05.15,3750.0,100.0,3845.0,3880.0,3750.0,229761.0
2018.05.16,3530.0,220.0,3660.0,3715.0,3500.0,325874.0
2018.05.17,3605.0,75.0,3560.0,3620.0,3510.0,118709.0
2018.05.18,3475.0,130.0,3610.0,3620.0,3445.0,227223.0
2018.05.21,3455.0,20.0,3510.0,3510.0,3420.0,133583.0
2018.05.23,3590.0,135.0,3460.0,3650.0,3425.0,213760.0
2018.05.24,3925.0,335.0,3660.0,4130.0,3645.0,3856897.0
2018.05.25,3755.0,170.0,3850.0,3915.0,3650.0,788156.0
2018.05.28,3575.0,180.0,3730.0,3760.0,3510.0,541319.0
2018.05.29,3570.0,5.0,3530.0,3665.0,3530.0,270754.0
2018.05.30,3445.0,125.0,3570.0,3595.0,3375.0,326780.0
2018.05.31,3440.0,5.0,3485.0,3500.0,3375.0,181593.0
2018.06.01,3270.0,170.0,3405.0,3440.0,3270.0,352738.0
2018.06.04,3310.0,40.0,3285.0,3345.0,3250.0,211208.0
2018.06.05,3340.0,30.0,3330.0,3375.0,3300.0,116729.0
2018.06.07,3385.0,45.0,3315.0,3385.0,3290.0,118353.0
2018.06.08,3425.0,40.0,3355.0,3540.0,3345.0,163206.0
2018.06.11,3380.0,45.0,3370.0,3475.0,3360.0,76913.0
2018.06.12,3295.0,85.0,3355.0,3410.0,3275.0,122664.0
2018.06.14,3280.0,15.0,3290.0,3380.0,3270.0,82608.0
2018.06.15,3225.0,55.0,3270.0,3330.0,3205.0,70844.0
2018.06.18,3010.0,215.0,3200.0,3240.0,2995.0,281129.0
2018.06.19,2875.0,135.0,2990.0,3050.0,2805.0,390606.0
2018.06.20,2890.0,15.0,2825.0,2905.0,2800.0,181716.0
2018.06.21,2905.0,15.0,2865.0,2990.0,2850.0,93054.0
2018.06.22,2910.0,5.0,2875.0,2980.0,2850.0,57027.0
2018.06.25,3015.0,105.0,2890.0,3040.0,2885.0,107456.0
2018.06.26,2960.0,55.0,3040.0,3040.0,2920.0,110050.0
2018.06.27,2900.0,60.0,2990.0,2990.0,2900.0,68785.0
2018.06.28,2790.0,110.0,2840.0,2880.0,2790.0,73388.0
2018.06.29,2730.0,60.0,2790.0,2850.0,2670.0,105747.0
2018.07.02,2570.0,160.0,2770.0,2770.0,2570.0,96155.0
2018.07.03,2620.0,50.0,2585.0,2650.0,2550.0,68200.0
2018.07.04,2860.0,240.0,2625.0,3045.0,2625.0,898972.0
2018.07.05,2780.0,80.0,2885.0,2885.0,2760.0,102568.0
2018.07.06,2860.0,80.0,2770.0,2900.0,2770.0,64102.0
2018.07.09,2840.0,20.0,2865.0,2865.0,2795.0,33888.0
2018.07.10,2915.0,75.0,2830.0,2930.0,2830.0,76589.0
2018.07.11,2940.0,25.0,2915.0,3040.0,2820.0,146952.0
2018.07.12,2990.0,50.0,2950.0,3090.0,2895.0,230981.0
2018.07.13,2985.0,5.0,3040.0,3040.0,2925.0,82318.0
2018.07.16,2980.0,5.0,2990.0,3010.0,2925.0,31231.0
2018.07.17,2960.0,20.0,2980.0,2990.0,2940.0,38763.0
2018.07.18,2915.0,45.0,2990.0,2990.0,2875.0,42859.0
2018.07.19,2845.0,70.0,2945.0,2945.0,2845.0,47130.0
2018.07.20,2820.0,25.0,2900.0,2920.0,2785.0,48661.0
2018.07.23,2675.0,145.0,2815.0,2845.0,2675.0,40539.0
2018.07.24,2685.0,10.0,2700.0,2815.0,2685.0,40024.0
2018.07.25,2695.0,10.0,2770.0,2770.0,2670.0,15241.0
2018.07.26,2740.0,45.0,2670.0,2740.0,2670.0,32306.0
2018.07.27,2850.0,110.0,2710.0,2890.0,2710.0,81646.0
2018.07.30,2850.0,0.0,2855.0,2890.0,2760.0,24898.0
2018.07.31,2815.0,35.0,2810.0,2870.0,2800.0,36923.0
2018.08.01,2910.0,95.0,2795.0,3070.0,2795.0,353140.0
2018.08.02,2905.0,5.0,2875.0,2965.0,2855.0,81136.0
2018.08.03,2900.0,5.0,2905.0,2940.0,2865.0,36116.0
2018.08.06,2895.0,5.0,2900.0,2925.0,2865.0,31670.0
2018.08.07,2855.0,40.0,2895.0,2895.0,2830.0,20084.0
2018.08.08,2920.0,65.0,2830.0,2960.0,2830.0,41582.0
2018.08.09,2890.0,30.0,2955.0,2955.0,2870.0,9344.0
2018.08.10,2890.0,0.0,2890.0,2915.0,2865.0,18414.0
2018.08.13,2800.0,90.0,2865.0,2870.0,2770.0,49325.0
2018.08.14,2790.0,10.0,2765.0,2830.0,2740.0,23068.0
2018.08.16,2825.0,35.0,2765.0,2865.0,2735.0,38754.0
2018.08.17,2840.0,15.0,2820.0,2850.0,2805.0,21507.0
2018.08.20,2855.0,15.0,2890.0,2900.0,2845.0,14649.0
2018.08.21,2950.0,95.0,2840.0,3130.0,2830.0,1121251.0
2018.08.22,2980.0,30.0,2935.0,3005.0,2920.0,80028.0
2018.08.23,2980.0,0.0,2970.0,3020.0,2955.0,60051.0
2018.08.24,3000.0,20.0,2985.0,3060.0,2975.0,77461.0
2018.08.27,2965.0,35.0,3050.0,3050.0,2965.0,55172.0
2018.08.28,3080.0,115.0,2950.0,3720.0,2945.0,2815197.0
2018.08.29,3115.0,35.0,3090.0,3155.0,3030.0,416953.0
2018.08.30,3090.0,25.0,3110.0,3140.0,3045.0,196081.0
2018.08.31,3190.0,100.0,3080.0,3320.0,3050.0,579376.0
2018.09.03,3170.0,20.0,3190.0,3230.0,3160.0,152439.0
2018.09.04,3120.0,50.0,3170.0,3230.0,3060.0,138120.0
2018.09.05,3005.0,115.0,3095.0,3150.0,3005.0,141434.0
2018.09.06,3120.0,115.0,3075.0,3120.0,2975.0,113448.0
2018.09.07,3075.0,45.0,3135.0,3140.0,3075.0,83293.0
2018.09.10,3080.0,5.0,3050.0,3100.0,3025.0,34855.0
2018.09.11,3095.0,15.0,3055.0,3100.0,3055.0,36779.0
2018.09.12,3290.0,195.0,3115.0,3400.0,3085.0,1135103.0
2018.09.13,3220.0,70.0,3285.0,3285.0,3175.0,170324.0
2018.09.14,3150.0,70.0,3220.0,3250.0,2900.0,245403.0
2018.09.17,3080.0,70.0,3140.0,3150.0,3005.0,146198.0
2018.09.18,3030.0,50.0,3075.0,3075.0,3005.0,126185.0
2018.09.19,3020.0,10.0,3030.0,3045.0,2990.0,75605.0
2018.09.20,3005.0,15.0,3000.0,3065.0,2990.0,65380.0
2018.09.21,3045.0,40.0,3060.0,3115.0,3015.0,54374.0
2018.09.27,3130.0,85.0,3015.0,3130.0,2970.0,132229.0
2018.09.28,3055.0,75.0,3125.0,3125.0,3030.0,66701.0
2018.10.01,3070.0,15.0,3055.0,3110.0,3040.0,52752.0
2018.10.02,3010.0,60.0,3100.0,3100.0,3010.0,55887.0
2018.10.04,3030.0,20.0,3090.0,3090.0,3000.0,42940.0
2018.10.05,3020.0,10.0,3030.0,3060.0,2975.0,43145.0
2018.10.08,2855.0,165.0,3045.0,3045.0,2850.0,89841.0
2018.10.10,2570.0,285.0,2805.0,2880.0,2570.0,174074.0
2018.10.11,2380.0,190.0,2400.0,2565.0,2315.0,111977.0
2018.10.12,2530.0,150.0,2235.0,2545.0,2235.0,97779.0
2018.10.15,2530.0,0.0,2480.0,2600.0,2475.0,34373.0
2018.10.16,2540.0,10.0,2530.0,2575.0,2510.0,32410.0
2018.10.17,2670.0,130.0,2550.0,2690.0,2550.0,36327.0
2018.10.18,2670.0,0.0,2635.0,2725.0,2630.0,12469.0
2018.10.19,2715.0,45.0,2670.0,2715.0,2605.0,12138.0
2018.10.22,2700.0,15.0,2830.0,2830.0,2695.0,38820.0
2018.10.23,2555.0,145.0,2700.0,2720.0,2555.0,34834.0
2018.10.24,2480.0,75.0,2600.0,2600.0,2435.0,47082.0
2018.10.25,2430.0,50.0,2480.0,2565.0,2325.0,59763.0
2018.10.26,2320.0,110.0,2430.0,2500.0,2270.0,95861.0
2018.10.29,1930.0,390.0,2285.0,2470.0,1930.0,124132.0
2018.10.30,2020.0,90.0,1875.0,2235.0,1875.0,252305.0
2018.10.31,2130.0,110.0,2020.0,2130.0,2015.0,42355.0
2018.11.01,2170.0,40.0,2220.0,2275.0,2170.0,43178.0
2018.11.02,2275.0,105.0,2180.0,2290.0,2140.0,35156.0
2018.11.05,2320.0,45.0,2280.0,2330.0,2200.0,79467.0
2018.11.06,2320.0,0.0,2380.0,2380.0,2280.0,62956.0
2018.11.07,2350.0,30.0,2400.0,2400.0,2290.0,44491.0
2018.11.08,2690.0,340.0,2395.0,2785.0,2345.0,1743126.0
2018.11.09,2580.0,110.0,2650.0,2685.0,2580.0,170434.0
2018.11.12,2490.0,90.0,2560.0,2560.0,2475.0,110406.0
2018.11.13,2525.0,35.0,2465.0,2595.0,2385.0,96742.0
2018.11.14,2525.0,0.0,2525.0,2545.0,2490.0,40609.0
2018.11.15,2500.0,25.0,2530.0,2530.0,2415.0,36774.0
2018.11.16,2630.0,130.0,2500.0,2645.0,2465.0,191207.0
2018.11.19,2600.0,30.0,2690.0,2690.0,2590.0,112516.0
2018.11.20,2560.0,40.0,2590.0,2630.0,2510.0,46985.0
2018.11.21,2565.0,5.0,2510.0,2630.0,2510.0,20380.0
2018.11.22,2535.0,30.0,2540.0,2620.0,2530.0,26238.0
2018.11.23,2530.0,5.0,2535.0,2600.0,2500.0,41831.0
2018.11.26,2550.0,20.0,2520.0,2585.0,2505.0,15119.0
2018.11.27,2590.0,40.0,2510.0,2590.0,2510.0,31968.0
2018.11.28,2560.0,30.0,2590.0,2590.0,2530.0,12370.0
2018.11.29,2530.0,30.0,2590.0,2590.0,2520.0,30752.0
2018.11.30,2530.0,0.0,2525.0,2565.0,2515.0,36237.0
2018.12.03,2550.0,20.0,2565.0,2590.0,2535.0,34418.0
2018.12.04,2545.0,5.0,2525.0,2580.0,2500.0,33019.0
2018.12.05,2570.0,25.0,2545.0,2595.0,2510.0,25885.0
2018.12.06,2660.0,90.0,2600.0,2700.0,2540.0,130978.0
2018.12.07,2675.0,15.0,2660.0,2695.0,2620.0,86624.0
2018.12.10,2520.0,155.0,2645.0,2670.0,2505.0,51708.0
2018.12.11,2570.0,50.0,2590.0,2620.0,2515.0,39483.0
2018.12.12,2555.0,15.0,2560.0,2610.0,2540.0,20232.0
2018.12.13,2565.0,10.0,2495.0,2600.0,2495.0,22067.0
2018.12.14,2515.0,50.0,2565.0,2600.0,2510.0,27925.0
2018.12.17,2450.0,65.0,2515.0,2515.0,2430.0,67574.0
2018.12.18,2495.0,45.0,2345.0,2535.0,2345.0,51347.0
2018.12.19,2500.0,5.0,2465.0,2515.0,2460.0,21124.0
2018.12.20,2485.0,15.0,2455.0,2500.0,2440.0,18484.0
2018.12.21,2415.0,70.0,2530.0,2545.0,2415.0,31360.0
2018.12.24,2380.0,35.0,2485.0,2485.0,2365.0,35689.0
2018.12.26,2330.0,50.0,2300.0,2365.0,2300.0,24877.0
2018.12.27,2330.0,0.0,2335.0,2420.0,2305.0,46209.0
2018.12.28,2370.0,40.0,2410.0,2410.0,2325.0,17941.0
2019.01.02,2330.0,40.0,2330.0,2400.0,2330.0,32853.0
2019.01.03,2320.0,10.0,2330.0,2380.0,2300.0,16749.0
2019.01.04,2310.0,10.0,2305.0,2330.0,2275.0,27844.0
2019.01.07,2330.0,20.0,2310.0,2415.0,2310.0,18828.0
2019.01.08,2310.0,20.0,2325.0,2380.0,2280.0,28460.0
2019.01.09,2370.0,60.0,2365.0,2395.0,2325.0,39274.0
2019.01.10,2375.0,5.0,2375.0,2435.0,2350.0,63022.0
2019.01.11,2400.0,25.0,2380.0,2450.0,2375.0,66005.0
2019.01.14,2420.0,20.0,2400.0,2450.0,2380.0,45667.0
2019.01.15,2420.0,0.0,2420.0,2490.0,2410.0,36379.0
2019.01.16,2535.0,115.0,2420.0,2600.0,2420.0,234036.0
2019.01.17,2550.0,15.0,2585.0,2620.0,2505.0,104708.0
2019.01.18,2595.0,45.0,2550.0,2595.0,2510.0,68950.0
2019.01.21,2640.0,45.0,2595.0,2650.0,2570.0,63923.0
2019.01.22,2630.0,10.0,2640.0,2675.0,2625.0,60225.0
2019.01.23,2690.0,60.0,2630.0,2770.0,2620.0,106298.0
2019.01.24,2680.0,10.0,2695.0,2740.0,2635.0,22222.0
2019.01.25,2695.0,15.0,2710.0,2760.0,2620.0,43905.0
2019.01.28,2650.0,45.0,2690.0,2690.0,2615.0,55490.0
2019.01.29,2685.0,35.0,2625.0,2685.0,2625.0,60850.0
2019.01.30,2670.0,15.0,2705.0,2755.0,2650.0,53641.0
2019.01.31,2660.0,10.0,2670.0,2745.0,2655.0,30609.0
2019.02.01,2650.0,10.0,2660.0,2730.0,2640.0,24203.0
2019.02.07,2650.0,0.0,2720.0,2720.0,2635.0,21512.0
2019.02.08,2670.0,20.0,2695.0,2695.0,2630.0,17753.0
2019.02.11,2770.0,100.0,2670.0,2795.0,2670.0,123846.0
2019.02.12,2760.0,10.0,2770.0,2800.0,2705.0,49107.0
2019.02.13,2800.0,40.0,2790.0,2830.0,2745.0,44409.0
2019.02.14,2800.0,0.0,2845.0,2845.0,2780.0,43809.0
2019.02.15,2795.0,5.0,2790.0,2820.0,2710.0,41547.0
2019.02.18,2830.0,35.0,2750.0,2840.0,2750.0,39100.0
2019.02.19,2875.0,45.0,2880.0,2925.0,2820.0,76332.0
2019.02.20,2830.0,45.0,2930.0,2930.0,2820.0,96487.0
2019.02.21,2765.0,65.0,2830.0,2830.0,2745.0,32659.0
2019.02.22,2770.0,5.0,2745.0,2795.0,2745.0,18569.0
2019.02.25,2705.0,65.0,2800.0,2800.0,2705.0,47180.0
2019.02.26,2775.0,70.0,2760.0,2795.0,2700.0,45751.0
2019.02.27,2735.0,40.0,2785.0,2790.0,2735.0,40770.0
2019.02.28,2670.0,65.0,2710.0,2770.0,2670.0,62801.0
2019.03.04,2680.0,10.0,2670.0,2745.0,2655.0,37497.0
2019.03.05,2665.0,15.0,2730.0,2730.0,2655.0,27475.0
2019.03.06,2635.0,30.0,2725.0,2725.0,2610.0,51527.0
2019.03.07,2585.0,50.0,2700.0,2700.0,2560.0,61713.0
2019.03.08,2580.0,5.0,2535.0,2660.0,2500.0,54859.0
2019.03.11,2535.0,45.0,2615.0,2615.0,2510.0,47868.0
2019.03.12,2570.0,35.0,2550.0,2620.0,2520.0,58804.0
2019.03.13,2635.0,65.0,2585.0,2700.0,2535.0,50080.0
2019.03.14,2735.0,100.0,2635.0,2735.0,2600.0,166991.0
2019.03.15,2740.0,5.0,2930.0,3325.0,2740.0,5529800.0
2019.03.18,2835.0,95.0,2780.0,2850.0,2730.0,481537.0
2019.03.19,3015.0,180.0,2875.0,3160.0,2855.0,2171283.0
2019.03.20,2965.0,50.0,2990.0,3080.0,2935.0,398945.0
2019.03.21,2875.0,90.0,2965.0,3100.0,2875.0,456453.0
2019.03.22,2870.0,5.0,2870.0,2970.0,2865.0,100644.0
2019.03.25,2775.0,95.0,2815.0,2850.0,2765.0,143435.0
2019.03.26,2835.0,60.0,2775.0,2925.0,2770.0,123086.0
2019.03.27,2780.0,55.0,2810.0,2880.0,2775.0,104880.0
2019.03.28,2735.0,45.0,2795.0,2880.0,2700.0,128818.0
2019.03.29,2675.0,60.0,2715.0,2770.0,2675.0,127401.0
2019.04.01,2770.0,95.0,2675.0,2770.0,2660.0,75550.0
2019.04.02,2850.0,80.0,2770.0,2850.0,2715.0,76681.0
2019.04.03,2850.0,0.0,2865.0,2895.0,2810.0,113999.0
2019.04.04,2900.0,50.0,2870.0,2930.0,2830.0,83950.0
2019.04.05,2900.0,0.0,2905.0,2920.0,2850.0,65326.0
2019.04.08,2835.0,65.0,2910.0,2930.0,2795.0,101664.0
2019.04.09,2835.0,0.0,2850.0,2855.0,2815.0,35573.0
2019.04.10,2810.0,25.0,2835.0,2835.0,2770.0,102122.0
2019.04.11,2820.0,10.0,2805.0,2860.0,2795.0,53817.0
2019.04.12,2935.0,115.0,2825.0,2955.0,2800.0,204521.0
2019.04.15,2935.0,0.0,2965.0,2985.0,2895.0,130255.0
2019.04.16,2890.0,45.0,2950.0,2950.0,2840.0,154961.0
2019.04.17,2930.0,40.0,2905.0,2965.0,2860.0,107196.0
2019.04.18,2935.0,5.0,2935.0,3000.0,2890.0,117286.0
2019.04.19,2965.0,30.0,2945.0,2975.0,2895.0,85746.0
2019.04.22,2965.0,0.0,2965.0,2975.0,2920.0,67359.0
2019.04.23,2925.0,40.0,2930.0,2965.0,2870.0,83494.0
2019.04.24,2935.0,10.0,2930.0,2935.0,2870.0,75833.0
2019.04.25,2895.0,40.0,2910.0,2930.0,2880.0,44253.0
2019.04.26,2870.0,25.0,2900.0,2910.0,2830.0,78450.0
2019.04.29,2875.0,5.0,2860.0,2905.0,2815.0,43649.0
2019.04.30,2865.0,10.0,2890.0,2890.0,2825.0,45479.0
2019.05.02,2905.0,40.0,2850.0,2905.0,2815.0,117229.0
2019.05.03,2865.0,40.0,2880.0,2885.0,2710.0,180402.0
2019.05.07,2870.0,5.0,2765.0,2895.0,2765.0,56953.0
2019.05.08,2870.0,0.0,2825.0,2895.0,2805.0,57608.0
2019.05.09,2760.0,110.0,2880.0,2885.0,2760.0,99486.0
2019.05.10,2730.0,30.0,2730.0,2810.0,2695.0,62620.0
2019.05.13,2800.0,70.0,2735.0,2900.0,2715.0,150399.0
2019.05.14,2820.0,20.0,2820.0,2860.0,2755.0,63455.0
2019.05.15,2890.0,70.0,2810.0,2890.0,2810.0,55224.0
2019.05.16,2890.0,0.0,2890.0,2925.0,2820.0,127407.0
2019.05.17,2960.0,70.0,2890.0,2990.0,2875.0,171818.0
2019.05.20,2910.0,50.0,3000.0,3020.0,2890.0,174407.0
2019.05.21,2970.0,60.0,2905.0,3000.0,2860.0,97488.0
2019.05.22,3070.0,100.0,2995.0,3070.0,2940.0,269365.0
2019.05.23,2985.0,85.0,3145.0,3190.0,2985.0,255954.0
2019.05.24,2975.0,10.0,2980.0,2980.0,2875.0,111411.0
2019.05.27,2880.0,95.0,2945.0,2980.0,2880.0,84016.0
2019.05.28,2955.0,75.0,2910.0,2970.0,2875.0,85367.0
2019.05.29,2900.0,55.0,2950.0,2955.0,2900.0,49875.0
2019.05.30,2895.0,5.0,2890.0,2930.0,2845.0,81963.0
2019.05.31,2880.0,15.0,2890.0,2915.0,2825.0,54969.0
2019.06.03,2990.0,110.0,2890.0,3065.0,2870.0,153234.0
2019.06.04,3020.0,30.0,3030.0,3055.0,2955.0,161508.0
2019.06.05,3010.0,10.0,3020.0,3080.0,2960.0,111238.0
2019.06.07,3280.0,270.0,3060.0,3280.0,3020.0,1005044.0
2019.06.10,3400.0,120.0,3265.0,3415.0,3170.0,595726.0
2019.06.11,3310.0,90.0,3540.0,3540.0,3290.0,411419.0
2019.06.12,3415.0,105.0,3340.0,3460.0,3280.0,235679.0
2019.06.13,3345.0,70.0,3450.0,3635.0,3340.0,529325.0
2019.06.14,3290.0,55.0,3355.0,3390.0,3245.0,178857.0
2019.06.17,3345.0,55.0,3290.0,3370.0,3235.0,111956.0
2019.06.18,3465.0,120.0,3345.0,3465.0,3335.0,223386.0
2019.06.19,3445.0,20.0,3490.0,3495.0,3405.0,123748.0
2019.06.20,3565.0,120.0,3400.0,3735.0,3380.0,690939.0
2019.06.21,3540.0,25.0,3560.0,3640.0,3505.0,142732.0
2019.06.24,3550.0,10.0,3540.0,3605.0,3460.0,141448.0
2019.06.25,3445.0,105.0,3600.0,3605.0,3435.0,109197.0
2019.06.26,3550.0,105.0,3450.0,3570.0,3450.0,125408.0
2019.06.27,3535.0,15.0,3595.0,3680.0,3480.0,183898.0
2019.06.28,4300.0,765.0,3570.0,4590.0,3535.0,12369010.0
2019.07.01,4215.0,85.0,4240.0,4580.0,4080.0,3282390.0
2019.07.02,4045.0,170.0,4285.0,4470.0,3955.0,2775012.0
2019.07.03,4135.0,90.0,4055.0,4225.0,3890.0,1673426.0
2019.07.04,5260.0,1125.0,4490.0,5370.0,4305.0,16237157.0
2019.07.05,4805.0,455.0,4980.0,5060.0,4785.0,3377421.0
2019.07.08,5230.0,425.0,4875.0,5890.0,4875.0,14809838.0
2019.07.09,4715.0,515.0,5340.0,5690.0,4635.0,5591648.0
2019.07.10,6120.0,1405.0,4805.0,6120.0,4805.0,11160290.0
2019.07.11,7000.0,880.0,7000.0,7930.0,6620.0,21426875.0
2019.07.12,9100.0,2100.0,7100.0,9100.0,6860.0,2437224.0
2019.07.15,9000.0,100.0,10400.0,11550.0,9000.0,2998793.0
2019.07.16,9030.0,30.0,8650.0,9030.0,8500.0,1766333.0
2019.07.17,7580.0,1450.0,8900.0,8900.0,7460.0,3204118.0
2019.07.18,7680.0,100.0,7500.0,7700.0,7250.0,1630875.0
2019.07.19,7000.0,680.0,7580.0,7780.0,7000.0,1748071.0
2019.07.22,6840.0,160.0,7100.0,7460.0,6660.0,5403961.0
2019.07.23,6530.0,310.0,6900.0,7020.0,6240.0,4723396.0
2019.07.24,6660.0,130.0,6470.0,6690.0,6360.0,5063924.0
2019.07.25,6130.0,530.0,6430.0,6510.0,6070.0,3620172.0
2019.07.26,5880.0,250.0,6280.0,6390.0,5750.0,3544919.0
2019.07.29,5360.0,520.0,5900.0,5980.0,5290.0,2596586.0
2019.07.30,5420.0,60.0,5340.0,5750.0,5230.0,3339374.0
2019.07.31,7040.0,1620.0,5300.0,7040.0,5100.0,20472852.0
2019.08.01,7430.0,390.0,6870.0,8290.0,6000.0,33601206.0
2019.08.02,7140.0,290.0,7220.0,7760.0,6940.0,8098061.0
2019.08.05,6190.0,950.0,7280.0,7340.0,6100.0,4406871.0
2019.08.06,6130.0,60.0,5800.0,7150.0,5360.0,11068648.0
2019.08.07,6320.0,190.0,6110.0,6660.0,6110.0,3789475.0
2019.08.08,6750.0,430.0,6320.0,6950.0,6180.0,5532771.0
2019.08.09,8770.0,2020.0,7120.0,8770.0,7000.0,27888469.0
2019.08.12,8860.0,90.0,9340.0,9780.0,8590.0,16547272.0
2019.08.13,9150.0,290.0,8750.0,9400.0,8500.0,9825640.0
2019.08.14,8420.0,730.0,9480.0,9570.0,8420.0,5324158.0
2019.08.16,9240.0,820.0,8200.0,10150.0,8040.0,18780023.0
2019.08.19,9690.0,450.0,9470.0,10200.0,9170.0,14493428.0
2019.08.20,9270.0,420.0,9680.0,9920.0,9230.0,4250803.0
2019.08.21,9520.0,250.0,9270.0,10350.0,9030.0,15318637.0
2019.08.22,9150.0,370.0,9590.0,9960.0,9070.0,6021549.0
2019.08.23,8850.0,300.0,8980.0,9480.0,8550.0,4473171.0
2019.08.26,8660.0,190.0,8600.0,9220.0,8600.0,2081872.0
2019.08.27,8700.0,40.0,8980.0,9940.0,8650.0,11766538.0
2019.08.28,9400.0,700.0,8900.0,9740.0,8900.0,12075365.0
2019.08.29,9060.0,340.0,10100.0,10250.0,8210.0,7574289.0
2019.08.30,9140.0,80.0,8870.0,9340.0,8660.0,3384058.0
2019.09.02,9180.0,40.0,9900.0,9970.0,9140.0,4561225.0
2019.09.03,9650.0,470.0,9170.0,9650.0,8940.0,3869202.0
2019.09.04,9690.0,40.0,9990.0,9990.0,9430.0,5617530.0
2019.09.05,9330.0,360.0,9630.0,9820.0,9260.0,2759471.0
2019.09.06,8800.0,530.0,9370.0,9430.0,8790.0,2283030.0
2019.09.09,7910.0,890.0,8600.0,8870.0,7860.0,2366407.0
2019.09.10,8010.0,100.0,7790.0,8330.0,7750.0,2698595.0
2019.09.11,7640.0,370.0,8090.0,8200.0,7640.0,1376533.0
2019.09.16,7160.0,480.0,7510.0,7640.0,7140.0,1868325.0
2019.09.17,7080.0,80.0,7040.0,7260.0,6910.0,1749729.0
2019.09.18,7040.0,40.0,7090.0,7210.0,7010.0,1148643.0
2019.09.19,7900.0,860.0,7040.0,8430.0,7040.0,9695785.0
2019.09.20,7540.0,360.0,7820.0,8070.0,7490.0,2250265.0
2019.09.23,7410.0,130.0,7500.0,7820.0,7410.0,1646023.0
2019.09.24,7450.0,40.0,7400.0,7780.0,7330.0,1499962.0
2019.09.25,6890.0,560.0,7400.0,7500.0,6890.0,1083804.0
2019.09.26,6760.0,130.0,6990.0,7050.0,6580.0,1069723.0
2019.09.27,6750.0,10.0,6760.0,6970.0,6620.0,876829.0
2019.09.30,6820.0,70.0,6750.0,7210.0,6410.0,1769344.0
2019.10.01,7040.0,220.0,6800.0,7410.0,6730.0,2061657.0
2019.10.02,7410.0,370.0,6940.0,7600.0,6860.0,3159299.0
2019.10.04,7410.0,0.0,7410.0,7700.0,7390.0,1396846.0
2019.10.07,7120.0,290.0,7500.0,7630.0,6920.0,1308565.0
2019.10.08,7330.0,210.0,7070.0,7360.0,7000.0,930079.0
2019.10.10,7400.0,70.0,7670.0,8070.0,7380.0,5335501.0
2019.10.11,6980.0,420.0,7410.0,7570.0,6980.0,1144597.0
2019.10.14,6990.0,10.0,6980.0,7200.0,6900.0,718933.0
2019.10.15,7430.0,440.0,7050.0,7490.0,7050.0,1513747.0
2019.10.16,7390.0,40.0,7490.0,7490.0,7250.0,681704.0
2019.10.17,7500.0,110.0,7450.0,7640.0,7380.0,1128810.0
2019.10.18,7360.0,140.0,7470.0,7570.0,7280.0,670169.0
2019.10.21,7120.0,240.0,7270.0,7450.0,7080.0,555468.0
2019.10.22,7250.0,130.0,7120.0,7280.0,7000.0,573393.0
2019.10.23,7060.0,190.0,7310.0,7450.0,7050.0,836691.0
2019.10.24,7040.0,20.0,7000.0,7170.0,6980.0,446526.0
2019.10.25,6950.0,90.0,7080.0,7210.0,6950.0,471123.0
2019.10.28,6780.0,170.0,6930.0,6960.0,6590.0,728684.0
2019.10.29,7050.0,270.0,6770.0,7410.0,6640.0,2144523.0
2019.10.30,8230.0,1180.0,7080.0,9130.0,7080.0,24920667.0
2019.10.31,8100.0,130.0,8190.0,8460.0,7950.0,4218282.0
2019.11.01,8200.0,100.0,8190.0,9100.0,8090.0,13553828.0
2019.11.04,8220.0,20.0,8400.0,8570.0,8110.0,2364008.0
2019.11.05,7950.0,270.0,8160.0,8360.0,7880.0,1482835.0
2019.11.06,7950.0,0.0,7880.0,8060.0,7820.0,896313.0
2019.11.07,8180.0,230.0,7970.0,8450.0,7970.0,3231533.0
2019.11.08,7980.0,200.0,8220.0,8280.0,7950.0,899262.0
2019.11.11,8050.0,70.0,8030.0,8250.0,8010.0,882763.0
2019.11.12,8090.0,40.0,8060.0,8130.0,7920.0,645629.0
2019.11.13,8090.0,0.0,8100.0,8240.0,8030.0,908598.0
2019.11.14,7740.0,350.0,8020.0,8090.0,7700.0,655207.0
2019.11.15,7860.0,120.0,7730.0,7960.0,7730.0,532049.0
2019.11.18,7560.0,300.0,7770.0,7850.0,7470.0,607528.0
2019.11.19,7460.0,100.0,7450.0,7710.0,7420.0,412263.0
2019.11.20,7200.0,260.0,7380.0,7580.0,7180.0,502640.0
2019.11.21,7100.0,100.0,7150.0,7280.0,6480.0,444162.0
2019.11.22,7050.0,50.0,7040.0,7280.0,7040.0,365408.0
2019.11.25,8640.0,1590.0,7020.0,8990.0,7020.0,9785824.0
2019.11.26,8350.0,290.0,8550.0,8700.0,8090.0,5583584.0
2019.11.27,7850.0,500.0,8250.0,8630.0,7760.0,4719093.0
2019.11.28,7540.0,310.0,7800.0,8200.0,7510.0,1508581.0
2019.11.29,7400.0,140.0,7630.0,7900.0,7300.0,1023663.0
2019.12.02,7450.0,50.0,7400.0,7620.0,7270.0,642420.0
2019.12.03,7650.0,200.0,7490.0,8440.0,7400.0,8877420.0
2019.12.04,7760.0,110.0,7710.0,7970.0,7590.0,1944192.0
2019.12.05,7600.0,160.0,7770.0,8400.0,7590.0,4801471.0
2019.12.06,7880.0,280.0,7600.0,8060.0,7570.0,1779359.0
2019.12.09,7680.0,200.0,7770.0,8040.0,7660.0,1084671.0
2019.12.10,7550.0,130.0,7720.0,7830.0,7530.0,654308.0
2019.12.11,7860.0,310.0,7650.0,7890.0,7580.0,775607.0
2019.12.12,7810.0,50.0,7880.0,7950.0,7760.0,790858.0
2019.12.13,7840.0,30.0,7880.0,7930.0,7780.0,486696.0
2019.12.16,8000.0,160.0,7850.0,8030.0,7850.0,839676.0
2019.12.17,7930.0,70.0,8000.0,8080.0,7850.0,638352.0
2019.12.18,7780.0,150.0,7950.0,8140.0,7780.0,882564.0
2019.12.19,7850.0,70.0,7810.0,8070.0,7780.0,656154.0
2019.12.20,7850.0,0.0,7890.0,8000.0,7800.0,458807.0
2019.12.23,7580.0,270.0,7870.0,7930.0,7580.0,468394.0
2019.12.24,7110.0,470.0,7570.0,7620.0,7070.0,822961.0
2019.12.26,7160.0,50.0,7110.0,7350.0,7030.0,677687.0
2019.12.27,7310.0,150.0,7110.0,7320.0,7110.0,333939.0
2019.12.30,7300.0,10.0,7310.0,7380.0,7250.0,290075.0
2020.01.02,7410.0,110.0,7300.0,7410.0,7280.0,204892.0
2020.01.03,7420.0,10.0,7420.0,7540.0,7360.0,372902.0
2020.01.06,7190.0,230.0,7320.0,7320.0,7120.0,265433.0
2020.01.07,7270.0,80.0,7200.0,7330.0,7150.0,160229.0
2020.01.08,6760.0,510.0,7180.0,7210.0,6740.0,529032.0
2020.01.09,7120.0,360.0,6990.0,7160.0,6980.0,254536.0
2020.01.10,7300.0,180.0,7130.0,7350.0,7130.0,268006.0
2020.01.13,7600.0,300.0,7240.0,7770.0,7200.0,1602750.0
2020.01.14,8270.0,670.0,7650.0,8530.0,7650.0,8057753.0
2020.01.15,8260.0,10.0,8180.0,8350.0,8050.0,1745411.0
2020.01.16,8350.0,90.0,8400.0,8480.0,8250.0,1858672.0
2020.01.17,8540.0,190.0,8380.0,8940.0,8360.0,5222912.0
2020.01.20,8350.0,190.0,8720.0,8940.0,8270.0,1976025.0
2020.01.21,8260.0,90.0,8310.0,8490.0,8160.0,834856.0
2020.01.22,8170.0,90.0,8240.0,8350.0,8140.0,696587.0
2020.01.23,8540.0,370.0,8230.0,8620.0,8180.0,1114053.0
2020.01.28,8200.0,340.0,8160.0,8290.0,8000.0,802283.0
2020.01.29,8230.0,30.0,8340.0,8450.0,8200.0,655050.0
2020.01.30,7900.0,330.0,8220.0,8290.0,7850.0,487254.0
2020.01.31,7860.0,40.0,8000.0,8520.0,7860.0,1721799.0
2020.02.03,8310.0,450.0,7850.0,8350.0,7650.0,1187302.0
2020.02.04,8510.0,200.0,8350.0,8630.0,8250.0,1392948.0
2020.02.05,8210.0,300.0,8620.0,8620.0,8200.0,1632164.0
2020.02.06,8330.0,120.0,8300.0,8410.0,8240.0,904452.0
2020.02.07,8320.0,10.0,8350.0,8400.0,8250.0,770705.0
2020.02.10,8420.0,100.0,8250.0,8550.0,8220.0,897744.0
2020.02.11,8220.0,200.0,8480.0,8530.0,8200.0,705947.0
2020.02.12,8330.0,110.0,8250.0,8430.0,8150.0,653818.0
2020.02.13,8990.0,660.0,8410.0,8990.0,8270.0,3889414.0
2020.02.14,8700.0,290.0,9170.0,9460.0,8700.0,6019579.0
2020.02.17,8730.0,30.0,8660.0,8900.0,8620.0,860936.0
2020.02.18,8430.0,300.0,8730.0,8850.0,8280.0,789650.0
2020.02.19,8240.0,190.0,8370.0,8470.0,7980.0,994825.0
2020.02.20,8170.0,70.0,8240.0,8350.0,8090.0,549291.0
2020.02.21,8810.0,640.0,8360.0,8910.0,8170.0,4321179.0
2020.02.24,8310.0,500.0,9050.0,9270.0,8130.0,2564536.0
2020.02.25,8170.0,140.0,8170.0,8400.0,7900.0,1065523.0
2020.02.26,8120.0,50.0,8040.0,8270.0,7950.0,700512.0
2020.02.27,7570.0,550.0,8140.0,8240.0,7550.0,1005816.0
2020.02.28,7100.0,470.0,7390.0,7700.0,7050.0,648744.0
2020.03.02,7270.0,170.0,7100.0,7360.0,7100.0,459904.0
2020.03.03,7400.0,130.0,7480.0,7930.0,7400.0,805238.0
2020.03.04,7650.0,250.0,7280.0,7740.0,7280.0,528489.0
2020.03.05,7640.0,10.0,7840.0,7840.0,7570.0,353219.0
2020.03.06,7780.0,140.0,7550.0,7820.0,7520.0,459672.0
2020.03.09,7210.0,570.0,7720.0,7770.0,7190.0,360567.0
2020.03.10,7180.0,30.0,6970.0,7250.0,6850.0,479331.0
2020.03.11,7000.0,180.0,7290.0,7390.0,6900.0,392352.0
2020.03.12,6400.0,600.0,6890.0,7130.0,6310.0,788168.0
2020.03.13,5900.0,500.0,5800.0,6050.0,5200.0,1115140.0
2020.03.16,5370.0,530.0,5970.0,6190.0,5370.0,731957.0
2020.03.17,5350.0,20.0,4900.0,5500.0,4900.0,1059959.0
2020.03.18,4900.0,450.0,5430.0,5600.0,4900.0,804641.0
2020.03.19,3875.0,1025.0,5000.0,5100.0,3760.0,1527180.0
2020.03.20,4190.0,315.0,3910.0,4295.0,3910.0,1625615.0
2020.03.23,3985.0,205.0,3910.0,4145.0,3825.0,988091.0
2020.03.24,5180.0,1195.0,4190.0,5180.0,4070.0,4076781.0
2020.03.25,5510.0,330.0,5430.0,6060.0,5230.0,3735599.0
2020.03.26,5690.0,180.0,5600.0,5970.0,5380.0,1973798.0
2020.03.27,6240.0,550.0,5980.0,7190.0,5600.0,4506747.0
2020.03.30,6720.0,480.0,6240.0,6780.0,6010.0,1759742.0
2020.03.31,7190.0,470.0,6890.0,7670.0,6800.0,3163962.0
2020.04.01,7090.0,100.0,7180.0,7310.0,6880.0,1296493.0
2020.04.02,7260.0,170.0,7090.0,7820.0,6690.0,3123821.0
2020.04.03,7240.0,20.0,7270.0,7520.0,7110.0,1281704.0
2020.04.06,7360.0,120.0,7350.0,7540.0,7210.0,1337623.0
2020.04.07,7280.0,80.0,7490.0,7500.0,7140.0,942854.0
2020.04.08,7250.0,30.0,7320.0,7430.0,7170.0,709633.0
2020.04.09,7790.0,540.0,7380.0,7800.0,7330.0,1983038.0
2020.04.10,7290.0,500.0,7610.0,7670.0,6980.0,1034306.0
2020.04.13,7480.0,190.0,7320.0,8120.0,7200.0,5019150.0
2020.04.14,7860.0,380.0,7630.0,8000.0,7520.0,2386652.0
2020.04.16,7920.0,60.0,7860.0,8010.0,7690.0,1185509.0
2020.04.17,7920.0,0.0,8070.0,8080.0,7820.0,979877.0
2020.04.20,7850.0,70.0,8000.0,8200.0,7760.0,1590361.0
2020.04.21,7690.0,160.0,7880.0,7880.0,7010.0,1266769.0
2020.04.22,7920.0,230.0,7510.0,7940.0,7450.0,740639.0
2020.04.23,7900.0,20.0,7920.0,8020.0,7770.0,719915.0
2020.04.24,7640.0,260.0,7870.0,7910.0,7600.0,547719.0
2020.04.27,8030.0,390.0,7750.0,8050.0,7700.0,1162015.0
2020.04.28,7950.0,80.0,8100.0,8100.0,7700.0,794984.0
2020.04.29,8160.0,210.0,7990.0,8780.0,7880.0,5950451.0
2020.05.04,8020.0,140.0,8000.0,8420.0,7940.0,1187975.0
2020.05.06,8400.0,380.0,8070.0,8700.0,8070.0,2912755.0
2020.05.07,8380.0,20.0,8400.0,8670.0,8350.0,1128579.0
2020.05.08,8250.0,130.0,8490.0,8490.0,8190.0,930364.0
2020.05.11,8280.0,30.0,8280.0,8450.0,8200.0,714358.0
2020.05.12,8220.0,60.0,8390.0,8550.0,8130.0,1552994.0
2020.05.13,8080.0,140.0,8170.0,8180.0,8000.0,723378.0
2020.05.14,8050.0,30.0,8070.0,8220.0,8010.0,576788.0
2020.05.15,7850.0,200.0,8080.0,8120.0,7720.0,886735.0
2020.05.18,7880.0,30.0,7850.0,7920.0,7600.0,341309.0
2020.05.19,7800.0,80.0,8000.0,8000.0,7670.0,475990.0
2020.05.20,8150.0,350.0,7800.0,8190.0,7790.0,957839.0
2020.05.21,8380.0,230.0,8300.0,8630.0,8110.0,3279389.0
2020.05.22,8400.0,20.0,8590.0,8790.0,8260.0,2011707.0
2020.05.25,8270.0,130.0,8480.0,8480.0,8190.0,751709.0
2020.05.26,8250.0,20.0,8220.0,8330.0,8110.0,718163.0
2020.05.27,8250.0,0.0,8320.0,8550.0,8210.0,1332992.0
2020.05.28,7960.0,290.0,8270.0,8350.0,7810.0,982929.0
2020.05.29,7850.0,110.0,7870.0,8060.0,7800.0,420216.0
2020.06.01,8160.0,310.0,8050.0,8250.0,8000.0,856656.0
2020.06.02,10600.0,2440.0,8160.0,10600.0,8150.0,18388367.0
2020.06.03,10050.0,550.0,11500.0,11600.0,9890.0,13940894.0
2020.06.04,10100.0,50.0,9960.0,10200.0,9610.0,3990247.0
2020.06.05,9780.0,320.0,10000.0,10150.0,9780.0,2223069.0
2020.06.08,9800.0,20.0,9640.0,9880.0,9500.0,1621552.0
2020.06.09,10050.0,250.0,9820.0,10600.0,9810.0,6405473.0
2020.06.10,9870.0,180.0,10000.0,10950.0,9750.0,7292956.0
2020.06.11,10700.0,830.0,10200.0,11400.0,10100.0,10612130.0
2020.06.12,11850.0,1150.0,10150.0,12050.0,10100.0,7571245.0
2020.06.15,12550.0,700.0,11700.0,14400.0,11700.0,18052906.0
2020.06.16,13050.0,500.0,12950.0,13350.0,12400.0,4523112.0
2020.06.17,12550.0,500.0,12850.0,14500.0,12200.0,7165540.0
2020.06.18,12500.0,50.0,12550.0,12950.0,12300.0,1826668.0
2020.06.19,12000.0,500.0,12500.0,12650.0,11850.0,1837671.0
2020.06.22,12200.0,200.0,11900.0,12350.0,11900.0,874206.0
2020.06.23,12950.0,750.0,12250.0,13150.0,12150.0,4123400.0
2020.06.24,12600.0,350.0,13150.0,13400.0,12500.0,1787353.0
2020.06.25,12900.0,300.0,12350.0,13250.0,12200.0,1929230.0
2020.06.26,12700.0,200.0,13200.0,13950.0,12650.0,4815331.0
2020.06.29,12250.0,450.0,12450.0,12950.0,12200.0,1133340.0
2020.06.30,12600.0,350.0,12500.0,13700.0,12350.0,4458954.0
2020.07.01,12350.0,250.0,12750.0,13000.0,12300.0,954872.0
2020.07.02,13250.0,900.0,12400.0,13250.0,12400.0,1843029.0
2020.07.03,13100.0,150.0,13300.0,13450.0,12950.0,1211351.0
2020.07.06,13450.0,350.0,13250.0,14550.0,13100.0,6798261.0
2020.07.07,13750.0,300.0,13450.0,13850.0,13250.0,1598095.0
2020.07.08,14350.0,600.0,13700.0,14950.0,13600.0,7734775.0
2020.07.09,14500.0,150.0,14500.0,14650.0,14100.0,1416290.0
2020.07.10,14300.0,200.0,14700.0,15050.0,14200.0,2100035.0
2020.07.13,14350.0,50.0,14600.0,14700.0,13950.0,1121631.0
2020.07.14,13700.0,650.0,14150.0,14200.0,13600.0,933556.0
2020.07.15,14050.0,350.0,13650.0,14400.0,13650.0,1050660.0
2020.07.16,13750.0,300.0,13900.0,14100.0,13600.0,571770.0
2020.07.17,13600.0,150.0,13750.0,13900.0,13450.0,584404.0
2020.07.20,12700.0,900.0,13600.0,13600.0,12650.0,1224836.0
2020.07.21,13150.0,450.0,12900.0,13200.0,12750.0,797357.0
2020.07.22,12900.0,250.0,13250.0,13300.0,12750.0,555691.0
2020.07.23,13500.0,600.0,12900.0,13600.0,12800.0,992927.0
2020.07.24,12850.0,650.0,13250.0,13400.0,12750.0,735641.0
2020.07.27,12950.0,100.0,12800.0,13150.0,12650.0,704824.0
2020.07.28,13250.0,300.0,13150.0,13400.0,12950.0,675981.0
2020.07.29,13300.0,50.0,13400.0,14250.0,13200.0,2839700.0
2020.07.30,13050.0,250.0,13250.0,13400.0,12900.0,607360.0
2020.07.31,13200.0,150.0,13050.0,13500.0,12900.0,855246.0
2020.08.03,13450.0,250.0,13150.0,13550.0,12950.0,830774.0
2020.08.04,13450.0,0.0,13450.0,13850.0,13250.0,881650.0
2020.08.05,13600.0,150.0,13550.0,13800.0,13350.0,715733.0
2020.08.06,13500.0,100.0,13700.0,14150.0,13450.0,1208467.0
2020.08.07,13800.0,300.0,13600.0,14100.0,13550.0,1238155.0
2020.08.10,13350.0,450.0,13750.0,13800.0,13150.0,959381.0
2020.08.11,13200.0,150.0,13350.0,13450.0,13100.0,455485.0
2020.08.12,13000.0,200.0,13150.0,13200.0,12500.0,614865.0
2020.08.13,12700.0,300.0,13300.0,13300.0,12650.0,547548.0
2020.08.14,12800.0,100.0,12900.0,13400.0,12600.0,684025.0
2020.08.18,12200.0,600.0,12900.0,12900.0,11150.0,602078.0
2020.08.19,12100.0,100.0,12100.0,12400.0,11500.0,729439.0
2020.08.20,11350.0,750.0,12200.0,12300.0,11150.0,637077.0
2020.08.21,11250.0,100.0,11450.0,11550.0,10800.0,680117.0
2020.08.24,11200.0,50.0,11100.0,11450.0,10500.0,506035.0
2020.08.25,12100.0,900.0,11200.0,12450.0,11200.0,1528666.0
2020.08.26,12300.0,200.0,12250.0,12600.0,11900.0,817002.0
2020.08.27,12800.0,500.0,12500.0,13100.0,12300.0,1181325.0
2020.08.28,13000.0,200.0,13250.0,13400.0,12600.0,1200820.0
2020.08.31,13050.0,50.0,13100.0,13300.0,12650.0,841415.0
2020.09.01,13200.0,150.0,13250.0,13250.0,12900.0,702046.0
2020.09.02,12900.0,300.0,13150.0,13150.0,12800.0,477299.0
2020.09.03,12900.0,0.0,13100.0,13950.0,12800.0,1417258.0
2020.09.04,12600.0,300.0,12150.0,12850.0,12100.0,550555.0
2020.09.07,12250.0,350.0,12600.0,12700.0,12150.0,419706.0
2020.09.08,12250.0,0.0,12350.0,12800.0,12100.0,667330.0
2020.09.09,11900.0,350.0,12000.0,12350.0,11900.0,376041.0
2020.09.10,12100.0,200.0,12150.0,12200.0,11900.0,231300.0
2020.09.11,11950.0,150.0,12000.0,12100.0,11700.0,281789.0
2020.09.14,12100.0,150.0,12050.0,12100.0,11700.0,253800.0
2020.09.15,11900.0,200.0,12100.0,12150.0,11900.0,189868.0
2020.09.16,11550.0,350.0,11900.0,11900.0,11500.0,305876.0
2020.09.17,11450.0,100.0,11550.0,11850.0,11350.0,171679.0
2020.09.18,11350.0,100.0,11400.0,11550.0,11000.0,219667.0
2020.09.21,10900.0,450.0,11350.0,11400.0,10750.0,277575.0
2020.09.22,10350.0,550.0,10900.0,10950.0,10200.0,316864.0
2020.09.23,10400.0,50.0,10500.0,10650.0,9950.0,308102.0
2020.09.24,9810.0,590.0,10050.0,10250.0,9750.0,365468.0
2020.09.25,10150.0,340.0,9860.0,10250.0,9740.0,302629.0
2020.09.28,10350.0,200.0,10350.0,10750.0,10200.0,319976.0
2020.09.29,10400.0,50.0,10350.0,10600.0,10350.0,192009.0
2020.10.05,10550.0,150.0,10500.0,10600.0,10250.0,145892.0
2020.10.06,10600.0,50.0,10450.0,10900.0,10450.0,240307.0
2020.10.07,11050.0,450.0,10600.0,11100.0,10500.0,206550.0
2020.10.08,10900.0,150.0,11150.0,11200.0,10850.0,164407.0
2020.10.12,10850.0,50.0,10900.0,11050.0,10750.0,95684.0
2020.10.13,10550.0,300.0,10900.0,11000.0,10400.0,152821.0
2020.10.14,10400.0,150.0,10550.0,10650.0,10350.0,92490.0
2020.10.15,10200.0,200.0,10300.0,10400.0,10000.0,158843.0
2020.10.16,10000.0,200.0,10100.0,10300.0,9900.0,165421.0
2020.10.19,9940.0,60.0,10000.0,10150.0,9820.0,154906.0
2020.10.20,10200.0,260.0,9930.0,10200.0,9840.0,219107.0
2020.10.21,10150.0,50.0,10150.0,10350.0,10050.0,96702.0
2020.10.22,9970.0,180.0,10050.0,10050.0,9970.0,94677.0
2020.10.23,9980.0,10.0,9970.0,10100.0,9940.0,105370.0
2020.10.26,9330.0,650.0,9920.0,9970.0,9190.0,340299.0
2020.10.27,9360.0,30.0,9160.0,9380.0,8930.0,217708.0
2020.10.28,9590.0,230.0,9200.0,9730.0,9200.0,139472.0
2020.10.29,9520.0,70.0,9450.0,9520.0,9220.0,175114.0
2020.10.30,9260.0,260.0,9650.0,9660.0,9200.0,152680.0
2020.11.02,9950.0,690.0,9350.0,10950.0,9260.0,1054116.0
